nobody,get,charge,34,found,guilty,34,unheard,lol
mother,teresa,wouldnt,committed,34,felony,stupid
inew,york,voice,american,people,making,accountability,great
trump,charged,34,count,falsification,business,record,first,degree,felony,new,york,pleaded,guilty,arraigned,last,year,2017,cohen,allen,weisselberg,executive,trump,organization,reached,agreement,cohen,would,repaid,130000,sent,daniel,exchange,silence,weisselberg,detailed,calculation,handwritten,note,shown,jury,trial
always,glorious,reality,burst,fox,news,bubble,live,tv
remember,buy,grocery,donate
lock,lock,lock
came,comment,lmao
im,overdosing,man,cant,quite,get,back,first,high,live,close
wont,spend,even,day,prison,electoral,vote,make,president
dont,crime,cant,time,dont,stop,buying,cop,judge,mayor,prosecutor,like,used,kept,jr,ivanka,jail,year,rudy,kept,jail,pretending,crack,crime
he,dumb,get,worse,cognitive,decline,daily
defendant,felon,mr,trump,continues,crusade,fox,meeting,increasing,challenge,paint,train,crash,picturesque,journey,threw,swiss,alp,hilarious,watch
hey,trumpsters,much,winning
lock,lock,lock
34,count,first,time,offender,1st,count,lock,liar
much,winning,lol
biden,got,tough,crime,conservative,havin
find,funny,find,joy,man,persecuted,wrongly,put,trump,shoe,would,feel,worked,hard,protect,neighborhood,hoa,wrongfully,convict,sure,dumb,idiot,get,said
stupid
called,party,law,order,convicted,felon,nominee,sad,dusturbing
could,possibly,guessed,biden,weaponized,doj,would,stack,jury,commie,interfere,2024,election,knew,pepperidge,farm,knew,traitor,joe,knew
waterloo,satan,donald,john,trump,185,68,253,god,planned,trump,downfall,defeat,satan,well,number,dont,lie,pray,name,jesus,christ,go,jail
lock,lock
act,integrity,reinforce,commitment,truth,justice,honor,even,mean,temporary,discomfort,staying,true,principle,essential
guilty,much,many,going,lawsuit,many,frivolous,bankruptcy,avoid,paying,people,owed,many,life,destroyed,depraved,pathetic,delusional,destructive,x,dude
thanks,yes,thank,judge,engoron,also,many,thanks,judge,merchan,giving,presidency,donald,trump,lol,btw,leading,president,moment,thank,left,brainless,loser,greetz,holland,need,help,mr,president
dismayed,lord,god,pray,believe,thank,great,love,mercy,salcation,god,jesus,save
may,30th,trump,found,guilty,irony,faith,feast,day,found,guilty,joan,ark,day,happens,patron,saint,prisoner,hero,patriot,impressive,ask,maga,4,life
found,guilty,way,trump,declared,guilty,kangaroo,court,lie,fox,news,stop,lying
witch,hunt,honestly
doesnt,mean,anything,mom,say,rich,white,people,youd,consider,white,dont,go,jail,hope,pray,loses,election,well,deal,january,6th,2025
wow,comment,actually,sensible,surprising,fox
quick,everyone,send,billionaire,money,help
im,voting
maga,tear,love,melania,hate,trump,doesnt,show,trial,funny,ur,wife,hate,much,dont,show,support,u,haha
incredibly,dangerous,door,openedour,government,going,become,circus,country,great,american,experiment,last,day,idiot
trump,45,anymore,he,trump,34,34,felony,countslol
guilty,1,count,time,34,u,joined,rest,america,banana,republic
fact,biden,say,trump,crooked,yet,political,opponent,higher,poll,charged,faulty,charge,cant,election
lowkey,expecting,fox,news,comment,like
forever,heretofore,history,shall,recount,recall,34,felony,conviction,no45,infamous,phelonious,trumpf,resides,eternity,hall,shame
watch,party,law,order,go,attack,law,order
mathematical,odds,12,juror,unanimously,finding,someone,guilty,34,count,cant,get,4,people,agree,pizza,topping
hope,ready,worst,future,could,possibly,make,harder,impossible,trump,become,president,bet,judge,either,got,big,pay,day,dirt,would,brought,light,didnt,play,ball,big,brother
cant,believe,happened,united,state,justice,trump,justice,anybody,person,juan,merchan,became,judge,justice,mind,career,professional,allvery,disgraceful
trump,storm,courthouse
obviously,fake,trial,cripple,ability,run,since,every,poll,say,beat,biden
nation,worth,living,democracy,rather,authoritarian,state,people,constitutionally,guaranteed,right,freedom,one,law,lost,moral,compass,regard,factual,reality,disagree
justice,trump,justice,everybody,everybody,treated,like,trump
care,new,york,say,anyway
came,gloat,everyone,beat,lol,nice,see,divided
wonder,mean,election,trump,go,prison,gon,na,run,presidential,election,biden,auto,win,think,might,first,american,history,isnt,candidate,run,president,election
hahaha,bring,trump,follower,mean,two,thing,1,dumb,2,cult,member
absolutely,beautiful,verdict,guy,said,sir,thats,beautiful,verdict,love,president,smokin,joe,biden,weaponized,doj,two,presidential,opponent,guy,hunter,biden,guy,con,drumpth,go,joe,2024
convicted,felon,trump,micromanaged,trial,abraham,lincoln,predicted,outcome,lincoln,said,lawyer,represents,fool,client,indeed,trump,fool,lawyer,responsible,losing,court,case
found,guilty,34,felony,matter,would,go,prison,trump,law
trump,refuse,accept,reality,news
shame,first,line,law,order,republican,party,wear,felony,conviction,badge,honor
wow,bye,bye
hey,maga,tired,winning,yet
say,first,time,offender,34,felony,conviction,taxpaying,u,citizen,would,spend,decade,prison,least,trump,wont,see,second,jail,system,lord,commoner
news,flash,orange,rapist,convicted,34,minor,felony,many,serious,charge,pending,florida,georgia,dc,maga,cult,headquarters,quote,lucille,ball,saying,waaaaaaaaaaaa
unanimous,decision,34,count,le,two,day,deliberation,anyone,say,jury,tampering
win,anyway
trump,fired
carestrump,2024
biden,cant,even,talk,protect,country,let,immigrant,pour,thousand,took,shower,daughter,touched,kid,camera,need,put,sleep,evil,man,walk,free,charge,bidens,son,cocaine,bathroom,list,go,course,idiot,got,office,done,nothing,american,god,always,win,pray,biden,get,whats,coming,good,people,suffer,like,always
many,pray,lord,president,trump
people,still,support,fox,news,fox,news,controlled,opposition,wasnt,dooped,people,thinking,fox,right,winger,literally,medium,would,leftist,would,easier,convince,libatrds,empire,resistance
civil,war,20,way
trump,bigot,trump,racist,trump,rapist,trump,liar,trump,thief,trump,coward,trump,illiterate,trump,wannabe,dictator,destroyer,democracy,u,putinwhipped,trump,comrade,russia,trump,traitor,country,trump,lover,communist,world,trump,hater,american,military,past,present,braver,trump,guilty,felon,34,time,thats,missing,trump,incarcerated,federal,prison,trump,fertilizer
guiltyscumbag,trump,loser,trump,rapist,trump,felon,trump,worst,potus,history,fdjt
message,republican,congress,think,child,descendant,choose,democracy,dictatorship,would,prefer,grow,country,like,russia,north,korea,united,kingdom,australia
cant,believe,happened,great,country,united,statesthis,great,country,againhow,person,juan,merchan,become,judge,justice,mindif,justice,trump,justice,anybody,people,hold,note,say,lock,upif,lock,next,time,next,one,locked,judge,without,justice,mind
dont,wan,na,see,dat,sleepy,joe,capiche,djt
hillary,hunter,biden
used,played,game,within,plan,ruin,humanity,longer,needed,simple
everyone,watched,trial,know,completely,unfair,trump,deprived,many,right,everyone,know,new,york,judicial,system,among,flawed,crookedc,system,country,case,sentenced,jail,time,judge,integrity,whatsoever,even,sentenced,jail,sentence,likely,stayed,appeal,completed,likely,overturned,appeal,matter,look,trial,american,disgrace,alvin,bragg,puppet,slimey,spineless,bottomfeeder
able,sentence,bro,hell
justice,thank,lord
im,falling,garbage,im,still,voting,trump,democrat,anything,throw,election,im,surprised,new,york,kangaroo,court
hard,time,need,prison,reform
trump,convicted,jury,political,enemieswall,street,journal
guilty,time,34,jury,spoken,getting,everything,deserves,country,repairable,joe,biden,man,trump,done,national,disgrace,office,never,lifetime,ever,seen,anything,like
donald,ask,china
black,man,person,color,would,ever,allowed,run,president,let,alone,hold,office,f,frump
stupid,witch,hunt,ridiculous,stop,becoming,president,2024,donald,trump,make,america,great
since,hate,trump,much,run,president,make,america,better,place
im,big,politician,person,anything,agree,trump,good,run,president,biden,cant,say,since,trump,wont,reelected,biden,definitely,wont,voted,who,gon,na,make,america,better,since,man,hate,much,finally,jail
judge,whatever,want,trump,judge,harassed,insulted,everyday,orange,turd,lock,home,confinement,crappy,marlardo
disgusting,rigged,court,case,rigged,justice,system,witch,hunt,beginning,biden,hoodlems,treason,stealing,tax,dollar,warmongering,moreput,trial,unbelievable,usa,going,unbelievable,go,trump,go
glad,criminal,thug,getting,deserved,prosecution,let,charge,biden,dont,partial
bottom,lineif,wasnt,running,president,none,trial,would,happening,remind,anyone,chinarussia
boomerang,big,way,im,seeing,many,people,walking,away,democratic,party,right
guess,orange,man,kinda,bad
watch,trump,snowflake,melt,verdict,jury,free,thinking,people,jury,peer
whats,truly,pathetic,one,predict,trump,going,saywhat,right,wing,medium,going,say,supporter,going,say,dour,pathetic,bot,believe,everything,spews,trump,mouthim,srry,evangelicals,country,call,adulterypredatorcongods,mancame,name,jesus,rightclowns,circus
stormy,daniel,need,leave,country
ny,judiciary,make,nation,proud,sdny,main,justicedoj,still,stink,1,didnt,pursue,trump,individual1,left,office,jan,2021,2,didnt,doj,pursue,obstruction,justice,charge,recommended,mueller,jan,2021,3,waste,125,year,starting,investigate,trump,appoint,special,counsel
first,president,history,thrown,prison
u,making,history,former,president,adjudicated,court,sexual,assaulter,248,year,president,former,criminally,indicted,first,time,248,year,former,president,found,guilty,felony,248,year,tbd,convicted,criminal,felon,going,presidential,candidate
juror,2,get,news,truth,social,yet,unanimous,conviction,imagine,strong,evidence
officially,say,criminal,convict,trump,criminal,felon,trump,neither,youtube,video,publisher,remove
lmao,sucker,loser
lying,ted,crooked,hillary,sleepy,joe,surrender,nickname,expresident
karenbianco,former,convicted,felon,voting,criminal,trump,2024,dont,want,criminal,role,model,child,whitehouse,president
ok,let,assume,serf,one,day,one,count,imagine,trump,jail,cell,34,day
finally,win,popular,vote,unanimous,win
corrupted,court,case,history,didnt,fined,crime,prosecute,decide,guilty,crime,didnt,exist
checkmate,cant,obtain,security,clearance,convicted,felon,potus,must,security,clearance,nice,little,move,got,job,done,trump,run,win,take,office
democrat,run,michele,obama,president,run,abortion,issue,wake
time,trump,made,news,exciting
finally,vote
love,maga,tear,let,rain
ha,much,throw,jail,throw,jail,34
hearing,boooos,crowd,sure,collection,title,convicted,rapist,convicted,felon,oh,twice,impeached,let,forget,one,seriously,think,criminal,running,country,999,wouldnt,invite,rapist,felon,dinner,home,still,qualified,president
funny,comment,trump,make,trial,indistinguishable,comment,alex,jones,made,trial
didnt,raid,bidens,house,biden,let,search,anywhere,wanted,trump,9,month,hand,file,minion,hide,duh,must,think,fox,veiwers,moron
trump,47th,president,november
couldnt,happen,better,traitor
judge,lose,job,miscarriage,justice
american,justice,become,comedy,show
trump,lawyer,prosecution,common,agreement,chose,12,juror,juror,took,closer,look,evidence,anybody,take,one,juror,disagreeing,guilt,trigger,guilty,verdict,anybody,say,rigged
fox,must,proud,theyre,guilty,rapst,shame
love,trump,pray,defend,christian,faith,world,god,bless,trump
surprised,see,jubilation,fox,news,comment,section
rigged,witchhunt,etc,lol
rigged,trump,lawyer,chose,juror,trial,like,show,treat,people
never,ran,presidency,never,wouldve,even,happened
sexualy,liable,abuser,wife,cheater,tax,evader,draft,dodger,twice,impeached,four,time,indicted,demented,covicted,sore,loser,fully,qualified,banana,republican,2024,candidate
got,ta,give,donald,right,along,said,one,like,one,lose,like
perfect,guilty
convicted,34,count,thats,34,felony,counting,anyone,else,would,get,jail,time,hell,get,community,service
western,world,outside,usa,cheer,joy,relief,yay,republican,horrified,upset,guilty,really,dont,understand,see,trump,whole,time,trump,either,stir,cause,major,trouble,seriously,dont,understand,think,good,quality,power
western,world,outside,usa,cheer,joy,relief,yay,republican,horrified,upset,guilty,really,dont,understand,see,trump,whole,time,trump,either,stir,cause,major,trouble,seriously,dont,understand,think,good,quality,power
maybe,shouldnt,insult,people,deciding,verdict,lmao
proverb,109,say,people,integrity,walk,safely,follow,crooked,path,slip,fall
told
trump,criminal,understand,he,bad,guy
people,pardon,trump
thought,hed,get,away,paid,zero,attention,trial
kwko5vh,sure,donate,500,trump,convicted,criminal,reelection,campaign,hell,send,passcode,mar,lago,estate,find,box,upon,box,trial,document,mafia,attorney,snuck,court
finally,held,accountable,first,time,entire,life
dont,want,consequence,dont,break,law
here,question,time,since,he,convicted,34,felony,said,relate,black,people,u,get,convicted,1,felony,serious,time,another,jim,crow,stunt
he,gon,na,47
lock,crowd,freaking,lock,guess,pronoun,matter
dont,go,prison,unless,violent,related,conviction,whole,lot,white,collar,criminal,1020,would,love,get,writing
donald,j,trump,felon,34,time,man,one,man,crime,wave,unscrupulous,lot,criticising,usa,system,justice,would,remind,ya,knucklehead,ratification,united,state,constitution,1788,bill,right,1791,right,people,new,united,state,america,trial,jury,civil,criminal,trial,secured,meaning,anyone,criticising,donald,trump,guilty,plea,unfit,public,office,thats,usa,deal,criminal,300,year,rapist,fraudster,extremely,incompetent,businessman,one,man,crime,wave,gop,still,made,nominee,despite,warning,chris,christie,prisoner,context,thats,ya,usa,system,justice
dtrump,simply,viscious,cult,bully,dangerous,country,family,professional,military,officer,left,republican,party,year,done,maga,cult,even,nixon,stepped,away,committing,crime,trump,smart,enough,walk,away,crime,family,brainwashed,viscious,thug,cult,family,period
came,comment
ya,got,ta,love,liar,con,man,crooked,trump,convicted,34,felony,count,hope,get,life,prison,without,parole,thank,juror
cant,wait,see,total,maga,meltdown
classic,eating,popcorn,watching,video,reading,comment,type,situation,going
get,one,isnt,native,boen,cant,president,yet,trump,convicted,felon,everyone,right,keep,yelling,political,opponent,argument,forget,trump,2016,lock,clinton,existing,guess,trump,want,political,opponent,whose,done,nothing,trump,conviction,nothing,political,opponent,biden,nothing,anything,hypocrite,found,guilty,yell,jury,defense,prosecution,pick,juror,agree,stay,go,trump,guilty,get,trumpers,trump,loser,appeal,get,like,anyone,else,exception
haha,trump,sheep,mad,comment
psychopath,little,conscience,support,donald,trump,bible,said,latter,time,men,conscience,seared,hot,iron
people,still,working,conscience,found,trump,guilty,year,year,ago
people,gloating,know,hillary,clinton,found,fec,guilty,exact,crime,found,guilty,federal,agency,illicitly,using,campaign,fund,fund,steele,dossier,document,started,entire,russia,collusion,hoax,fact,official,record,fox,news,disinformation,know,found,guilty,hiding,payment,legal,fee,falsifying,record,know,got,slap,wrist,8000,fine,click,new,tab,search,hillary,clinton,campaign,finance,fine,read,one,article,available,left,leaning,new,site,learn,honest,tell,u,perfectly,fine,half,fellow,american,living,different,set,rule,law,consequence,spare,u,trying,argue,fact
anything,favour,crown,trump,thump,anything,scream,shout,top,voice,political,persecution,political,motivated,people,right,thing,scum,hence,would,statesman,obey,rule,law,man,jungle,belief,law,jungle,mother,right,voted,crown,trump,either,gullible,moron
reading,comment,double,check,video,make,sure,watching,video,fox,news
truly,interesting,many,comment,show,woke,many,still
anyone,would,think,rogue,judge,handpicked,juror,would,come,verdict,ridiculous,note,ny,4,juror,need,vote,guilty,count,12,juror,anything,unanimous,considered,unanimous,state,dog,pony,exhibition,msm,shut,mouth,biden,authorization,muntions,force,u,russia
trump,maga,2024,back,want,justice
guilty,charged
guess,former,president,charge,hey,one,right
trump,supposed,jail,way,back,instead,rich,people,helped,get,president,term,get,away,b,government,soo,slick,n,smooth
ill,still,vote,trump,even,go,jail,beat,biden
good,morning,usa,got,feeling,gon,na,wonderful,day
hillary,body,count,listed,online,trump,convicted,mislabeling,paperwork
addition,convicted,count,person,color,orange,there,strong,possibility,hell,given,maximum,sentence
riddle,felon,still,free,jail,let,alone,still,run,president,bad,system,rich
please,close,ups,creature,orange,lagoon
whens,biden,going,arrested,since,first,got,busted,hiding,document
wht,google,censor,post
google,sensoring,post,google,commie,pig,corp
suck,faux,news,mean,fux,newskeep,trashing,america,justice,systemlove,leave,itorange,new,red
trump,guilty,hard,make,assertion,pay,attention,actually,said,done,court,room,except,people,cant,seem,abstract,politics,hatred,team,long,enough,think,clearly,rationally,objectively,anymore,democrat,dont,really,support,biden,zero,fact,trump,guilty,old,song,dance,every,time,blame,every,one,every,thing,else,himlike,child,matter,much,guy,claim,thing,rigged,evidence,evidence,evidence,simple
guilty,count,oj,simpson
im,glad,found,guilty,need,realize,nobody,law,doesnt,care,u,america,jail,hope
judge,da,biden,dont,forget,gag,order,still,sentenced,watch,say
donald,trump,least,sexually,assaulted,stormy,daniel,ivana,trump,ex,wife,ejean,carroll,thought,ex,wife,youd,ignorant,assume,thats,woman,poked,something
people,committed,treason
trumpersim,sorry,sorry,buddy
america,get,choose,hair,smelling,ice,cream,eating,dimensia,suffering,old,man,narcissistic,felon,best,usa,offer
four,year
false,accusation,huh
dont,forget,president,trump,win,november,5th,2024,real,criminal,committed,real,crime,overwhelming,evidence,finally,pay,country,yet,turned,upside
republican,need,start,thinking,plan,replace,trump,nominee,rnc,convention,instead,engaging,stupid,futile,protest,outside,nyc,courthouse
4,year,per,case,goona,living,like,king,inside,joint,come,really,think,he,gon,na,spend,year,prison
blaming,biden,administration,ignorant
donald,trump,felon,running,president,law,respected,really,trying,look,innocent
cry,republican
trump,2024,way,go,prison,still,vote
convicted,felon,donald,trump,couldnt,even,get,job,many,fast,food,place,criminal,record
crybaby,comment
3434,convicted,felon,rofl
well,still,voting,trump,even,he,locked,people,see,kangaroo,court,judge,whose,daughter,working,democrat,jury,deep,blue,state,biden,dared,trump,debate,knew,something,biden,already,know,result,trial
good,thing,never,gave,gun,ammo
good,lock
shame,fox,covering,face,sexy,nypd,officer,standing,door
big,steamy,pile,wrong,person,found,guilty
yet,joe,biden,still,free,hillary,omamawhat,joke
new,york,full,dumb,ass
let,see,get,straight,pas,background,check,cashier,stop,shop,yet,convicted,felon,get,run,president,country,somebody,make,sense,sure,hell,cant
confused
well,go,precedent,set,go,former,president,one,law,door,open,retro,prosecution,include,representative,senator,judgesand,list,go,think,forefather,rolling,graf,truth,hijacked,ill,also,bet,look,statue,liberty,weeping,thing,solves,dividing,u,even,divide,conquer
seriously,dont,think,convicted,34,felony,send,hush,money,stormy,daniel,say,didnt,sleep,think,sabotage,cant,run,president
ton,dem,bot,commenting,guilty,verdict,news,outlet
sexual,abuse,stormy,literally,national,tv,2018,front,million,people,saying,abuse,consentual,even,defends,say,victim,verbatim,libs,literal,brain,goldfish
people,protest,peacefully,want,wont,change,verdict,thank,god,dont,justice,system,based,upon,personal,opinion
trump,lawyer,look,like,realizedhe,aint,getting,paid
surprised,found,guilty,guilty
dont,hear,boo
lock,careful,fox,dont,want,pay,another,seven,hundred,million,dollar,fine,knowingly,spreading,lie
trump,need,new,lawyer
yay,trump,felon
hold,biden,slow,roll,grinning,ear,ear,thinking,put,closer,crossing,finish,line,victorythe,true,winner,donald,trump,back
know,b,get,enough,people,lie,happens,wont,touch,criminal,biden
appeal,supreme,court,guilty,violation,constitutional,right,denial,due,process,god,bless,america,trump
happens,remove,nikki,shes,woman
jurist,either,bought,threatened
maga,made,trump,god,god,say,put,god,warning
real,verdict,going,november,5,win,course,otherwise,rigged
im,proud,cry,lady,courthouse,maga
trump,want,send,loaded,missile,israel
lol,presenter,reading,guilty,verdict,sound,like,auction,haha
trump,qnd,follower,cant,stop,cry,happened,great,republican,party,orange,stained
remember,donaldtwelve,minded,people,found,guilty,charge,face,fact,sensible,people,get,right,verdict,supporter,yet,find,brain,morality
narsisist,never,accepts,defeatneverwhat,loser
reality,tell,sane,insane,could,easily,switch,place,insane,become,majority,would,find,locked,padded,cell,wondering,happened,world,mouth,madness,1994
paytriot,give,money,campaign,want,fool,haha,fake,stage,show,laughing,way,bank,im,keeping,hard,earned,useless,paper,fiat
major,republican,democratic,political,strategist,know,candidate,likely,beat,biden,presidential,election,nikkey,haley,except,unfortunately,majority,republican,supporter,trump,win,presidential,election
donald,trump,get,convicted,34,case,felony,going,prison,thats,wild,people,drive,get,duo,jail,time,misdemeanor
prefer,president,dont,34,criminal,conviction,felon
shame,trial
else,expect,kangaroo,court
make,america,great,put,trump,prison
tired,willing,stinky
34,guilty,conviction,trump,felon
lock,felon
uncle,like,trump,nononsense,guy,intimidating,lazy,stupid,people,normal,hard,working,people,liked,twofaced,grifter,family,couldnt,stand
applied,much,scrutiny,every,politician,least,80,washington,would,behind,bar,10,year
dont,hear,boo
another,john,kennedy
glad,american,cause,right,disgrace
whole,situation,crazy,trump,also,broke,34,rule,created,supreme,court,information,topic,look,trump,rule,34
amazing,everything,rigged,trump,loses
one,law,justice,prevailed,wonder,also,donald,meant,making,america,great
great,news,independent,republican,vote,libertarian,get,country,freedom,back
watch,still,win,november,lmao
yet,biden,still,able,president
world,stage,done,got,desperate
send,trump,cecot
political,conviction,dont,trust
saw,many,deluded,trump,cultist,reacting,verdict,reminded,quote,fascism,come,america,wrapped,flag,carrying,cross,best,example,one,law,emphasizes,citizen,institution,including,lawmaker,leader,accountable,law,concept,ensures,individual,group,act,impunity,regardless,standing,authority,yes,actually,applies,donald,j,trump,sadly,something,cultist,never,acknowledge,understand
crazy,even,trump,presidency,liberal,cant,stop,thinking,trying,put,jail,throw,shade,name,im,trump,biggest,fan,vote,yes,better,option,time,really,sad,considering,many,crime,liberal,politician,committed,gone,court,process,trump,funny,liberal,seem,want,law,order,fit,political,agenda,people,need,start,standing,gon,na,keep,getting,worse
winning,rigged,well,magas,guilty,count
opportunity,make,money,criminal,verdict,trump,couldnt,even,stand,defend,inside,court,keep,whining,spreading,lie,outside,court,guy,live,life,whining,lying
clown,think,could,use,infantile,theatrics,distraction,convince,everyone,thief,liar,con,artist,racist,pu33y,grabbing,clown,moron,like,bathe,smell,like,spoil,cheese
trump,still,stupid,gag,order,even,though,trial,say,whatever,want,cuz,hope,speak,freely,like,everybody,else
felon,cant,vote,run,president,lmao,go,directly,jail,collect,20000,whats,next,war
need,removed,presidential,candidacy
russian,putin,compromised,trump,year,ago,supported,200,trump,bid,become,president,weaponized,fbi,judicial,system,putin,wanted,invade,ukraine,without,nato,response,trump,sold,american,democracy,system,make,buck,support,either,stupid,corrupt,delusional
lol,good,orange,buffoon
fantastic,verdict,340,lock,criminal
god,good,lord,work
could,get,rid,fox,news,spreading,lie,247,way,unifying,country,divided
yet,wont,release,private,island,client,listhmmm,seem,like,something,democratic,happening
republican,party,criminal,enterprise,isnt
donald,trump,republican,real,republican,would,tried,overthrow,government,vowed,protect,became,president,know,true,real,respectful,republican,leave,office,president,farewell,address,nation,ronald,reagan,said,must,always,remember,strength,lie,respect,constitution,bill,right,determination,preserve,child,child
lock,lock,ooops,gon,na,lock,real
donald,didnt,care,got,trouble,supporting,attack,government,promised,protect,honor,became,president,donald,take,responsibility,nasty,behavior,young,angry,people,support,become,violent,could,end,incarcerated,donald,could,protect,anger,admitting,wrong,behavior,reason,guilty,verdict,court,wont,doesnt,care,much,idolizing,follower,suffer,donald,selfish,man
im,sad,may,god,help,guide,president,trump,difficult,time
republican,party,brain,wanted,go,back,true,conservatism,would,new,candidate,monday,cant,stand,donald,trump,joe,biden,would,vote,moderate,conservative,joe,biden,heartbeat,sociopath,con,man,dont,need,trump,want
cant,fix,stipid,sell,red,hat,show,fox,news,done
itll,funny,see,trump,supporter,comment
liberal,better,watch,yo,mouth,gon,na,cry,he,president,actually,form,sentence,unlike,president
dump,effing,gop,trash,fox,corrupt,cult
michael,cohen,got,jail,time,nonviolent,crime,trump,organization,accountant,got,jail,time,nonviolent,crime,trump,doesnt,get,jail,time,prof,criminal,justice,system,trash,one,law
funny,many,think,bar,election
lock,lock,lock,lock,lock,lock,lock,lock,lock,lock,lock,lock,lock,lock,lock,lock,lock,lock,lock,lock,lock,lock,lock,lock,lock,lock,lock,lock,lock,lock,lock,lock,lock
update,clintonobama,indictment,yet
he,longer,allowed,run,presidency,right,since,felon,criminal
34,felony,conviction,1,day,trump,mass,convicted,felon,new,york,jury,selected,fairly,prosecutor,defense,able,congress,failed,2,impeachment,proceeding
dont,crime,cant,time
u,key,factor,sentencing,would,well,conducted,eye,judge,trial
finally,accountability,orange,clown,criminal
first,president,found,guilty,45,even,scandal,going,pushed,court,banana,republic,government,tactic,get,want,certain,politician,threat,really,free,county,justice,government,really,hold,constitution,power,really,law,people,pawn,game
whoevers,cheering,dumb,think,weaponize,government,good,thing,afraid,becoming,third,world,country
thing,sean,hannity,tucker,carlson,ingraham,fox,news,people,said,presidentscandidates,remain,office,even,prosecuted,investigated,karma,came,everyone,case
even,trump,found,guilty,never,see,jail,bet,million,dollar,jail,poor,people,rich,people,law,simple
integrity,first,service,self,excellence,loyalty,duty,respect,selfless,service,honor,integrity,courage,commitment,sample,core,value,across,military,branch,proud,serve,sit,tell,vet,thank,u,service,support,man,embodies,none,value,character,matter,must,demand,least,much,president,armed,force
galtism1519,point,missed,talk,color,suit,there,comparison,criminal,conviction,12person,jury,corrupt,criminal,felony,expresident,weakest,link
official,new,york,banana,republic,shame,new,york
didnt,anything,wrong,see,blinded,love
d0n,removed,68
prosecuted,crime,election,interference,maybe,shouldnt,committed,crime
34,conviction,doesnt,include,january,6th,day,alone,committed,least,10,crime
trump,criminal
judge,merchan,need,go,jail,one,corrupt,judge,ever,seen
trump,fan,dont,use,internet,came,fox,news,specifically,looking,entertained
win,election,could,swear,office,serving,time,prison,dang,dont,want,miss
125,crazy,trump,able,pay,people,long,never,held,accountable,able,pay,people,found,guilty
accountability
new,world,order,convicted,34,count,tyranny,yesterday,lot,people,awake
absolutely,corruptthe,entire,system
2,impeachment,criminal,conviction,disgrace
enhance,satisfaction,understanding,existence,se,arch,existnc
witchunt
world,evil,hate,awful,disease,respect,biden,hate,except,hate,trump,democrat,true,soul
think,thing,control,wait,biden,reelected,make,blm,movement,look,like,sunny,day,park,control,law,enforcement,military,may,need,step,many,dont,like,biden,dont,want,reelected,im,100,sure,trump,either,1000,time,worse,biden
kinda,sentence,last,new,york,criminal,convicted,thing,receive,curiosity
trump,gemini,expect
one,wanted,prosecute,case,well,crime,prosecute,biden,realizing,voter,aware,biden,destroying,country,sent,bragg,ordered,charge,trump,something,anything,democrat,donor,judge,picked,democrat,jury,insure,evidence,would,berried,course,trump,found,guilty,july,11th,trump,sentenced,134,year,prison,biden,reelected,see,mail,ballot,id,needed,good,plan,usher,fascism
sad,lady,part,grabber,bigly,guilty
shouldnt,trump,sentenced,prison,lot,corrupt,first,time,offender,gone,prison,rod,blagojevich,micheal,cohen,soon,bob,menendez
justice,served,come,person,doesnt,believe,imaginary,sky,daddy,bible,god,good,time
wanted,trump,win,2024,election,president,ai,meme
yea,total,bullsht,none,amount,sht,phoney,charge,trumped,politically,driven,court,nonsense,interfere,election,keep,people,gon,na,lose,patience,process,people,running,get,real,insurection,real,violence,really,angry,populace
fox,news,joke,like,forked,tongue,trump,people,spoken,guilty,plug,pulled,soonno,trumpism
good,kniw,white,people,pissed,right
many,maga,tear,love
party,law,order,pretty,upset,law,order
civil,war,coming
guilty
everyone,missing,bigger,picture,man,financially,influence,election,else,think,every,one,politician,financial,tie,election,happened,throw,dry
even,like,dislike,ratio,prof,stupid,american,voter,mentally,child,told,vote,scared,going,jail,dont,vote
trump,prison,2024
yep,thats,well,happen,blue,state,thats,juror,despise,trump,feeling,truth,sad,day,former,president,person,committed,crime,found,guilty,bogus,charge
definitely,best,fap
ignorant,there,way,payment,hidden,hush,money,every,news,station,told,u,100000,stormy,daniel,payment,day,settlement,happened,many,year,ago
crazy,time,incredible
trump,innocent,trump,represents,majority,american,australian,people,let,america,australia,great,biden,adult,diaper,fit,reelected,deep,love,aussie,president,trump
make,bigger,trump,fan,work,harder,get,back,belongs
ill,still,vote,trump,even,isnt,ballot,socialism,taking,country,must,stopped
need,ballot,didnt,take,court,case,see,con,criminal,since,daddy,showing,kid
course,cesspool,humanity,found,guilty
guess,going,supreme,court,business,handled,also,like,trump,incident,stormy,daniel,occurred,election,2016,didnt,try,charge,thencoincidentally,deciding,charge,5,month,election,gtf,simply,trying,jail,bidens,political,opponent,know,trump,win,deciding,try,jail,5,month,election
average,american,convicted,trump,let,go,trumpless,need,celebrate,rule,law,job
trump,lawyer,go,worst,lawyer,history
im,still,voting,trump,first,guilty,president,america,guilty,biden,guilty
hope,sentencing,go,well,verdict
go,jail,woul,go,jail
sad,official,he,true,politician,guilty,crime,let,move,forward,get,back,office
lunatic,fox,meltdown,ha,ha,ha,trump,guilty
hey,donald,send,buck,jail,oh,going,need,metal,dipper,otherwise,lose,virginity
going,first,president,put,ankle,monitor,house,arrest
jury,make,america,great
make,america,great
far,left,really,everything,bring,mr,trump
theyll,reversed,obviously
republican,got,ta,move,clown
former,republican,president,united,state,found,guilty,34,felony,fox,post,2,min,36,sec,clip,biden,would,hour,hour,long
lock,azz
there,russian,troll,commenting,dont,want,video,get,view
celebrate,good,time
finally,country,divided,let,see,support,trump,side,savage,hoomosexuals,full,rage
well,freaking,time
coneligible,prison,please,make,happen
handwriting,wall,anyone,cherishing,freedom,leave
guilty,nothing,clown,showthe,jury,bought,paid
undoubtedly,trump,guilty,never,heard,firsttime,offender,found,guilty,charge,unless,like,serial,killer,would,think,satan,put,trial
must,interfered,zhina,chinese,ccp,paid,juriesbought,burger
oj,simpson,innocent
im,honestly,surprised,jury,knew,would,end,opening
great,verdict,big,applause,jury,seeing,criminal,always,knew,bruce,wayne,shady,dealing,finally,came,light,buying,weird,offshore,material,lex,luthor
reality,tv,show,hype,uneducated,liberal,count,never,get,passed,supreme,court
third,world,country,putin,russia,cuba,venezuela,want,country,like,democrat,party,trying,crooked,judge,justice,department
democrat,gone,far,time,blinding,hate,politician,even,biden,take,court,reason,liberal,judge,da,taken,court,one,law,soon,biden,office,6,month,immediately,take,court,say,texas,conservative,area
republican,dont,want,felon,voting,president,running,president
new,world,order,dont,want,trump,club,clinton,waaayyy,controversy,around,apart,club,got,swept,rug
still,voting,democrat
said,innocent,man
bro,he,cooked

country,embarrassment,whole,world,sad
trump,felony,conviction,put,mafia,wanted,list
finally
politics,fallen,lowest,tell,kid,commit,crime,want,aspire,convicted,felon,half,america,dont,care,want,world,convicted,felon,president
expect,court,especially,supreme,court,provide,justice,must,vote,blue,remove,corrupt,ԙpubliʞaи,party,office,vote,blue
much,winning,3434,thats,freaking,100,fuwk,thats,hardcore,wheres,transformer,criminal,hot,meme,need
trump,lost,popular,vote,22,2016,48,2024,lose,double,digit,2024,bot,show,ahead,poll,bot,dont,vote
trump,convicted,criminal,found,guilty,34,count,unanimous,say,lot
rule,law,trump,dictator,vote,blue
trump,imaginary,world,win,2024,presidency,first,executive,order,remove,criminal,background,check,employment,process
joke
im,sure,fake,lie,big,hoax,everyone,courtroom,whole,world,trump,fake,news,obama,wearing,tan,suit,way,worse,there,way,distinguished,gentleman,like,grab,py,could,thing
trump,guilty,period,fox,news,please,stop,bias,reporting,pathetic
taking,country,back,criminal
dirty,dog,guilty,everything
trump,lawyer,gambled,played,judge,jury,like,slot,machine,finally,hit,juryjackpot
buy,silver,today,immediately,going,explode,value
judge,merchans,daughter,voting,trump
777skeptic,obama,criminal,would,prefer,blue,suit,prison,cell,tan,suit,clean,record,right,vote
rigged,election,rigged,judicial,government,fallen,sad
trump,said,im,fighting,constitution,posttrial,speech,constitution,said,terminated,say,hypocrite
jury,deliberation,involving,trump,always,unanamous,verdict,indictment,ordinary,people
every,time,jury,ordinary,citizen,asked,look,evidence,trump,unanimously,returned,indictment,guilty,verdict,one,ignoring,trump,criminal,behavior,ԙpubliʞaи,cult,say,always,unanamous
trump,running,president,running,away,jail,incredible,thing,u,today,cult,want,convicted,felon,dictator,believe,trump,say,want,dictator
crooked,corrupt,biden,democrat,corrupt,doj,minion,despicable,hope,karma,come,around
make,illegible,run,office
let,see,fox,bot,angry,today,ah,still,want,dictator
like,mueller,investigation,russian,collusion,boris,johnson,voteofconfidence,w,148,mp,vote,remove,investigation,officially,clear,trump,name,historically,trump,next,potus,dems,quit,23
far,distance,faintly,hear,lock,lock,melania,get,closer,yes
still,allowed,run,president
like,low,slow
dirt,bag,rap,sheet,o,bigger,convict,jail
joe,biden,bos
well,whaddaya,know,system,still,work,good,new,york,let,go,fair,sentence
maga,tear,horizon
country,absolutely,doomed,verdict,though,verdict,great,country,doomed,full,easily,manipulated,low,iq,cult,follower,worship,man,despite,evidence,thats,presented,sad
justice
trump,win,election,salt,flow,greatly,laugh,tds,cult,member
one,law,great,country
good,real,news,fake,news
justice,win,hope,american,draw,right,conclusion,conviction,come,germany,without,war,ally,would,received,military,dictatorship,like,north,korea,grateful,please,dont,break,great,country
lock,lock,lock
he,innocent,trump,2024,appeal
trump,2024,year,prison
cope,harder,moron
news,hunter,caught,butt,naked,free,quilt
convicted,felon,cant,gun,he,elected,president,launch,code,nuclear,arsenal
im,surprised,took,long
welp,guess,biden,reelected
thing,arent,looking,good,orange,man,cult
invited,trump,pity,party,everything,always,someone,el,fault,always,loser
biden,still,wont,get,reelected,trump,2024,overturned,appeal,rigged,judge,jury
fasten,seatbelt,trumplican,traitor,going,bumpy,night,three,trial,go
