channel_name,video_title,published_at,video_id,view_count,like_count,comment_count
ABC News,Trump: &#39;Joe Biden is grossly incompetent&#39;,2024-06-28T22:04:50Z,lRBS_dbXOXQ,24247,327,324
ABC News,Texas grand jury indicts former Uvalde school district police chief,2024-06-28T20:54:32Z,-2p67bzeybM,62627,1106,563
ABC News,Karen Read jury unable to reach verdict in murder trial,2024-06-28T18:50:05Z,FLTynCdqJJE,19019,124,101
ABC News,Biden speaks at campaign rally in North Carolina following debate,2024-06-28T18:48:05Z,OHJoewM3WfU,164636,3380,4560
ABC News,&quot;When you get knocked down you get back up!&quot; Joe Biden delivers fiery speech at NC rally,2024-06-28T18:13:35Z,6QtISXR5nKo,281100,5306,6173
ABC News,"Good Morning America Top Stories ‚Äì Friday, June 28, 2024",2024-06-28T17:30:01Z,A9_yBatx-VY,69534,667,221
ABC News,Highlights from 1st presidential debate,2024-06-28T17:19:36Z,TR-luawyows,212675,790,602
ABC News,Simone Biles gets ready for Olympic trials,2024-06-28T16:15:01Z,TyqHVURvflM,13922,78,14
ABC News,Racial equality and free speech groups join fight against potential TikTok ban,2024-06-28T15:45:05Z,ifJQEqDX5K0,1167,19,13
ABC News,How the Supreme Court ruling in favor of Jan. 6 defendant could impact presidential campaigns,2024-06-28T15:44:11Z,tDTQQvYYMY4,1730,14,11
ABC News,LIVE: Supreme Court rules in favor of Jan. 6 defendant in dispute over obstruction charge,2024-06-28T15:13:20Z,Vb25iiUPeRU,312631,2958,2492
ABC News,Supreme Court rules in favor of Jan. 6 defendant in dispute over obstruction charge,2024-06-28T15:00:46Z,p7mUOpcNNjc,13741,127,327
ABC News,Cell phone belonging to missing American woman in Bahamas found in ocean,2024-06-28T14:30:19Z,SnjwCeTA75g,130612,1499,632
ABC News,LA Lakers draft Bronny James,2024-06-28T14:15:04Z,ihE002RxtFk,17220,180,64
ABC News,NFL ordered to pay $4.7 billion over ‚ÄòSunday Ticket‚Äô subscription service,2024-06-28T14:00:16Z,Ns0x6gkn5_8,4094,25,10
ABC News,"What Americans thought of Trump, Biden debate",2024-06-28T13:49:14Z,P9sO3XCouv4,16103,159,258
ABC News,FULL EPISODE: ABC News Special - The Race for the White House,2024-06-28T13:19:12Z,IEvgPjg6YxA,28065,243,112
ABC News,Biden and Trump clash in a rematch for the White House,2024-06-28T09:07:22Z,ap-2xaZ0cQo,195739,1700,2418
ABC News,Biden visits Georgia Waffle House after the presidential debate,2024-06-28T05:35:22Z,y2n5-67_wr0,407963,2904,4145
ABC News,Kamala Harris on Pres. Biden&#39;s debate performance: He &#39;did not get off to a strong start&#39;,2024-06-28T04:15:06Z,kYL8t6wKisI,79348,1170,659
ABC News,Kamala Harris reacts to Pres. Biden&#39;s debate performance: He &#39;did not get off to a strong start&#39;,2024-06-28T04:10:41Z,Rx3GecStvos,221490,1924,2409
ABC News,Lara Trump criticizes Biden presidential debate performance,2024-06-28T04:04:35Z,sfiTMgn2Sd8,19399,191,252
ABC News,"Former DNC chair, ex-White house chief of staff react to Biden&#39;s debate performance",2024-06-28T04:04:20Z,NVWVfDAnC0M,380619,2614,4869
ABC News,Biden speaks at watch party following debate,2024-06-28T03:48:51Z,BCgV3YTH8g0,139174,488,1510
ABC News,CNN&#39;s Trump-Biden presidential debate recap,2024-06-28T03:39:25Z,XQNsXGyP5IY,136442,699,1183
ABC News,Trump-Biden presidential debate recap: &#39;They just went off in different directions&#39;,2024-06-28T03:35:32Z,g8Po1apoTx0,27278,137,200
ABC News,Rachel Scott on Trump campaign&#39;s reaction to presidential debate,2024-06-28T03:29:45Z,xTSo69gJRW8,9770,55,24
ABC News,Mary Bruce on Pres. Biden&#39;s performance during presidential debate with Trump,2024-06-28T03:20:33Z,AMJpit3cSw8,47773,256,359
ABC News,"Oklahoma public schools must teach the Bible, state superintendent announces",2024-06-28T02:00:10Z,QOvN_hrXohM,66424,1365,3181
ABC News,Progressive Rep. Pramila Jayapal speaks on how Biden can unite Dems,2024-06-28T01:30:19Z,RadKF7at2kc,1890,27,29
ABC News,Rep. Donalds speaks on what he expects Trump to focus on during 1st debate,2024-06-28T01:15:04Z,xvXXNZdVsB0,1303,28,10
ABC News,"ABC World News Tonight with David Muir Full Broadcast - June 27, 2024",2024-06-28T01:00:02Z,6Ds9czcw0t4,386946,3901,780
ABC News,Biden campaign co-chair on Biden‚Äôs plans to connect with voters at the 1st debate,2024-06-28T00:46:49Z,8qDqXTlKmOQ,22173,52,102
ABC News,"Battleground state voters on the economy, inflation, abortion and immigration",2024-06-28T00:41:58Z,e7mHW3KmmIE,1440,14,4
ABC News,Georgia Gov. Brian Kemp on the importance of Georgia in 2024 election,2024-06-28T00:41:06Z,chxfC7J-hAk,1096,10,8
ABC News,"Pres. Biden&#39;s debate aims to reach undecided voters, hammer in election issues",2024-06-28T00:36:00Z,X-QwsOJY5zg,885,10,1
ABC News,"Biden and Trump to square off on debate stage with no audience, muted microphones",2024-06-28T00:36:22Z,rrbyVQuWhbY,1546,10,13
ABC News,US Supreme Court issues a decision allowing emergency abortions in Idaho,2024-06-28T00:25:22Z,iVXCd2R4bDw,4255,13,4
ABC News,Biden and Trump prepare to meet in historic presidential debate,2024-06-28T00:08:41Z,nzsr9r85_DY,100139,540,639
Fox News,Jesse Watters: Biden malfunctioned in real-time,2024-06-28T23:45:00Z,Q9xdKM6WxVI,486592,9524,1693
Fox News,&#39;The Five&#39; reacts to Biden&#39;s disaster facing off with Trump,2024-06-28T22:52:27Z,48IR8DfR1U8,2634374,49079,12547
Fox News,Crowd chants &quot;4 more years&quot; during Biden speech a day after his disappointing debate performance,2024-06-28T22:21:51Z,EjDM5hEeSYs,78489,1051,1923
Fox News,Donald Trump: This may have been Biden&#39;s &#39;single best decision&#39;,2024-06-28T22:15:01Z,QAQNgUnpkPM,269062,5567,1263
Fox News,‚ÄòGROSSLY INCOMPETENT‚Äô: Trump slams Biden,2024-06-28T21:45:00Z,O-4AdLLpmEA,39428,1358,359
Fox News,President Trump holds his first post-debate rally in Virginia,2024-06-28T21:41:10Z,2hkfFq-gUG4,158131,5774,665
Fox News,"&#39;Slack-jawed, droopy-eyed&#39;: Biden TORCHED for &#39;disaster&#39; debate performance",2024-06-28T21:15:01Z,eD1LhqkKfFI,106624,1865,526
Fox News,There is no excuse for Joe Biden: Sen. Tim Scott,2024-06-28T20:30:09Z,opd-5_NTjiY,95862,2160,704
Fox News,Biden surrogate admits debate was &#39;bad night&#39; for president,2024-06-28T19:45:00Z,QjCwvo_8k8s,42972,755,630
Fox News,White House responds to Democrat calls for Biden to step aside,2024-06-28T19:34:15Z,0vdXf1iR3PA,141790,1167,1225
Fox News,Doocy: This was the most disastrous presidential debate in history,2024-06-28T19:00:20Z,gI15MlQPCKQ,770544,10415,3662
Fox News,McEnany calls out Biden White House: This is a cover-up of epic proportions,2024-06-28T18:15:06Z,kJa183hUq9A,630105,14222,4625
Fox News,President Biden attends rally in NC following stinging debate criticism,2024-06-28T17:39:57Z,ah-EtqXMx4Q,183092,1199,3857
Fox News,Biden team rejecting calls to drop out of race: Report,2024-06-28T17:30:02Z,MFxixpl72M8,1183439,17718,9244
Fox News,FORE!: Trump and Biden&#39;s golf spat has the internet and golf world buzzing üèåÔ∏è ‚õ≥,2024-06-28T16:50:10Z,3mOCAN_BTtw,278956,10007,692
Fox News,Obama to hold intervention with Biden as Kamala is &#39;furious&#39; post-debate: Report,2024-06-28T16:39:40Z,AJboHcgVXu0,3437805,42535,19146
Fox News,Supreme Court sides with fishermen&#39;s fight against federal power,2024-06-28T16:30:15Z,iJ9fq9cp0I0,65690,1465,281
Fox News,Georgia voters react to President Biden‚Äôs performance during the CNN Presidential Debate,2024-06-28T16:28:58Z,RKmeSjzYq4Q,1148264,61205,3557
Fox News,"‚ÄòGAME-CHANGING DEBATE‚Äô: Dems, media in a ‚Äòpanic‚Äô after Biden performance",2024-06-28T15:45:01Z,RApdjV9w1xk,234985,6464,1755
Fox News,Supreme Court issues major ruling on Jan. 6,2024-06-28T14:59:28Z,riVl2LX_o9Y,921257,19773,4631
Fox News,"RFK, Jr: This debate was troubling",2024-06-28T14:30:08Z,HLGjcNv4ym0,184092,3806,1708
Fox News,Trump: &#39;I didn&#39;t sleep with a porn star&#39;,2024-06-28T14:00:48Z,mKGuXDPVhR4,36563,1047,667
Fox News,Democrats urging Biden to &#39;throw in the towel&#39; after debate,2024-06-28T13:30:02Z,69ApiaG9p2o,488997,8679,3542
Fox News,Trump campaign reacts to Biden&#39;s &#39;catastrophic&#39; debate performance: &#39;Incomprehensible&#39;,2024-06-28T13:00:24Z,G4IurWqjWNE,527150,12199,3478
Fox News,Media in MELTDOWN mode over Biden&#39;s debate performance,2024-06-28T12:30:30Z,Rk5Fz3VdY7c,477299,10743,3474
Fox News,Hannity: Biden‚Äôs performance was the &#39;single biggest disaster&#39; I‚Äôve ever seen,2024-06-28T12:00:44Z,goDYafThQMM,844476,21124,6482
Fox News,How concerned are Democrats after Biden‚Äôs debate performance?,2024-06-28T11:30:07Z,EI2P3ahfDl8,600746,8216,2918
Fox News,Jesse Watters: It was ‚Äòso bad ‚Äòfor Biden,2024-06-28T11:00:58Z,tDdqzkvE9_c,316314,8793,1943
Fox News,Trump: Biden gets paid by China,2024-06-28T10:30:03Z,9gAhAWlSk8s,50668,1483,555
Fox News,Trump: The whole country is exploding,2024-06-28T10:15:00Z,3cdZmiC-lh8,28980,1347,254
Fox News,Donald Trump: Biden did a &#39;very poor job&#39;,2024-06-28T10:01:01Z,stnX1sN99Jo,37281,1162,383
Fox News,Biden claims there are 40% fewer people coming across the border illegally,2024-06-28T09:45:01Z,kEwbEChji9g,17756,283,188
Fox News,Biden: There‚Äôs a lot more to be done,2024-06-28T09:30:30Z,nGVGGJoFkRc,11852,209,142
Fox News,Trump: This is a war that never should have started,2024-06-28T09:15:02Z,EJ18sjw4aA8,36563,706,283
Fox News,Biden decided to open up our border: Trump,2024-06-28T09:00:50Z,ohBPfcqG-FI,16245,543,113
Fox News,Trump: The whole world is blowing up under Biden,2024-06-28T08:45:01Z,abZqAIFllZQ,27494,1005,230
Fox News,Trump on Biden&#39;s foreign policy: &#39;We&#39;re paying everybody&#39;s bills&#39;,2024-06-28T08:30:14Z,tKJptZfrTyE,28910,2317,328
Fox News,Trump: I believe in these three exceptions to abortion,2024-06-28T08:15:00Z,CPknvg8Zx5o,22860,567,171
Fox News,Biden doubles down on support for Roe v. Wade,2024-06-28T08:00:36Z,xUAP5bxRSP4,8449,169,75
Fox News,Biden: If I‚Äôm elected I‚Äôll restore Roe v. Wade,2024-06-28T07:45:02Z,mvWyH6WShDo,11382,164,147
Fox News,Trump: Biden made up the Charlottesville story,2024-06-28T07:30:10Z,ivIVseeXut8,22362,601,142
Fox News,Biden delivers final remarks,2024-06-28T07:15:00Z,CycfZz0YhX8,23366,271,241
Fox News,Trump says whether he will accept the results of the 2024 election,2024-06-28T07:00:05Z,AIsKzhkEoiQ,22125,618,240
Fox News,Trump pins America&#39;s economic woes on Biden: &#39;He caused this inflation&#39;,2024-06-28T06:45:01Z,VtHk8Zs0w7k,14261,510,116
Fox News,Trump: What Biden has done to the Black community is &#39;horrible&#39;,2024-06-28T06:30:11Z,e4Ayps4gHKs,27291,796,206
Fox News,President Biden defends his record on the economy during the first presidential debate.,2024-06-28T06:30:30Z,JQ0cjohZLM4,61639,1072,665
Fox News,Donald Trump on Jan. 6: I said &#39;peacefully and patriotically&#39;,2024-06-28T06:15:03Z,mA-McuVpB9M,28145,952,339
Fox News,Biden: I&#39;m going to fix the tax system,2024-06-28T06:00:32Z,qKAeduKtehg,13597,281,181
Fox News,Biden seemed to forget his talking points: Sen. JD Vance,2024-06-28T05:45:03Z,sgYyZwV77Mc,645684,12983,2828
Fox News,Biden says he&#39;s not done on the economy: &#39;There&#39;s more to be done&#39;,2024-06-28T05:30:14Z,tLjHPT3l4wI,22394,392,315
CNN,Analysts discuss whether Trump could beat another Democrat in 2024 race,2024-06-28T23:45:00Z,JzjPm7mILPA,111576,1014,1458
CNN,New York Times Editorial Board calls for Biden to leave the race,2024-06-28T23:11:19Z,Clcf8LEOylg,253411,2109,3879
CNN,See how sharks wounded by fishing hooks get help,2024-06-28T22:28:24Z,W4OSqUR0oV8,22253,1008,44
CNN,Obama weighs in on Biden‚Äôs debate performance,2024-06-28T21:58:42Z,P-k3-VobsQE,958043,9354,11086
CNN,See Biden‚Äôs fiery speech after shaky debate performance,2024-06-28T21:45:12Z,Es7KmHdtcLM,446244,11572,3771
CNN,See Biden&#39;s fiery speech after shaky debate performance,2024-06-28T18:03:09Z,s5CVZHAjrW8,2433178,56731,50293
CNN,Hear how Biden and his campaign are responding to his debate performance,2024-06-28T16:45:16Z,X0lzn4gcXAc,217299,2707,3175
CNN,CNN&#39;s Daniel Dale fact checks Trump&#39;s and Biden&#39;s claims made in debate,2024-06-28T16:43:25Z,HgbIbS0Iigs,102699,1850,2235
CNN,Supreme Court limits obstruction charges against January 6 rioters,2024-06-28T16:16:07Z,HzRDj2avr0c,92826,1632,307
CNN,CNN‚Äôs MJ Lee explains why Democratic lawmakers are worried about Joe Biden‚Äôs debate performance.,2024-06-28T16:09:45Z,v5gYzCjpZM8,47840,894,474
CNN,&#39;Enormous&#39;: Honig explains how SCOTUS&#39; move could affect Trump,2024-06-28T15:54:01Z,JClNSJgOMZE,88927,891,1077
CNN,See what news outlets around the world are saying about the CNN debate,2024-06-28T15:23:33Z,9Zgs-FP5qzo,354843,3352,4545
CNN,Why is Kenya‚Äôs youth protesting?,2024-06-28T15:20:38Z,y-caxaNuwKs,40237,1056,71
CNN,Gov. Shapiro‚Äôs message to Democrats worried about last night,2024-06-28T13:56:36Z,C3LDAwaHCEQ,153676,2840,3759
CNN,Many of these swing state voters were undecided. See where they are at now,2024-06-28T13:00:41Z,e7PzqJAnGyc,392545,3295,5272
CNN,Van Jones reacts to Biden&#39;s debate performance,2024-06-28T12:40:46Z,PPU9imonfGE,80111,2003,873
CNN,Should Democrats try to replace Biden? Hear what a top Biden campaign official thinks,2024-06-28T12:27:38Z,unRBLx6InVI,197139,2359,4454
CNN,Did Trump&#39;s last word matter?,2024-06-28T11:40:17Z,gWKU86_SA3A,39616,620,181
CNN,How the debate got personal,2024-06-28T11:37:43Z,i8C5MBtujOI,199346,4713,1190
CNN,The first time Biden brought up Trump‚Äôs conviction,2024-06-28T07:08:31Z,M3c0e1VTSV0,51385,1206,618
CNN,Some Dems Hit the Panic Button After Biden&#39;s Very Bad Night,2024-06-28T05:50:00Z,mSOZw8pqaZw,20994,177,394
CNN,Watch the best analysis moments of CNN&#39;s Presidential Debate,2024-06-28T05:42:53Z,CKZtGZsX7Vk,1464193,11607,15274
CNN,The must-watch moments of the CNN Presidential Debate,2024-06-28T05:02:43Z,fmZJ7lhroA8,5000976,44717,30382
CNN,Sen. Marco Rubio reacts to CNN presidential debate,2024-06-28T04:43:20Z,SB8SBMoo0sM,247253,2123,1426
CNN,Biden and Trump launch into golf debate after age question,2024-06-28T04:34:24Z,d-IZO4gCCfE,119665,2031,503
CNN,Biden calls Trump &#39;convicted felon&#39;,2024-06-28T04:10:15Z,8TEn9JVvWg8,85958,2564,777
CNN,See Trump and Biden disagree over what happened on January 6th,2024-06-28T04:04:45Z,3T8-mdpxGpM,50878,1068,449
CNN,Vice President Kamala Harris defends President Biden‚Äôs debate performance,2024-06-28T03:59:32Z,CMBmrW6LzV0,877588,8792,15538
CNN,&#39;That was painful&#39;: Van Jones reacts to Biden&#39;s debate performance,2024-06-28T03:23:59Z,XaZSSQ8TaW4,1789928,15284,22265
CNN,CNN Presidential Debate: President Joe Biden and former President Donald Trump,2024-06-28T03:09:45Z,-v-8wJkmwBY,11493434,131030,
CNN,Biden and Trump address concerns about their ages,2024-06-28T02:52:16Z,qhYC2rmTito,74868,1287,1856
CNN,"Biden to Trump: &#39;My son was not a loser, he was not a sucker&#39;",2024-06-28T02:49:03Z,0BB5DKnw6ao,185431,5229,1885
CNN,Trump and Biden discuss January 6 and the state of US democracy,2024-06-28T02:22:15Z,mCXJ-btqdcY,47873,452,1666
CNN,President Biden and former President Trump do not shake hands at start of debate,2024-06-28T01:50:02Z,b_WS7nrJEjA,159666,3305,776
CNN,Biden and Trump debate border and immigration policy,2024-06-28T01:48:45Z,SAOjM6nj31o,115803,1044,2236
CNN,Biden and Trump begin debate without a handshake,2024-06-28T01:29:34Z,HQa_hhTO2Oc,208893,1507,2805
NBC News,"In Jan. 6 case, high court narrows scope of who can be charged with obstruction",2024-06-28T23:45:01Z,m9b6sF1lo_w,12732,32,32
NBC News,Biden says he&#39;ll stay in race after disappointing debate performance,2024-06-28T23:31:41Z,_K4L6o_eQk4,380948,3262,5695
NBC News,Ford CEO Jim Farley discusses the rapid evolution of electric vehicles,2024-06-28T22:45:59Z,s6eq8ABvyYQ,152631,3642,1154
NBC News,Meet the Press NOW ‚Äî June 28,2024-06-28T22:16:19Z,QXKx9laVNi8,244219,1254,1199
NBC News,Peter Thiel says he will vote for Trump ‚Äòif you hold a gun to my head‚Äô,2024-06-28T22:00:34Z,lsF55wo49Ew,29347,227,211
NBC News,"Obama cabinet official: &#39;After last night, it became less likely that [Biden] will win‚Äô",2024-06-28T21:30:39Z,m0tWKlTZ83w,39278,282,339
NBC News,LIVE: Biden delivers remarks at the Stonewall National Monument during Pride Month | NBC News,2024-06-28T21:02:55Z,R2QhX4a7_g8,78647,1981,618
NBC News,Chuck Todd: &#39;It&#39;s definitely going to be a long summer&#39; amid Biden&#39;s debate fallout,2024-06-28T21:03:06Z,5XInjB4dssM,122313,794,754
NBC News,Missouri woman accused of poisoning husband&#39;s Mountain Dew,2024-06-28T20:30:02Z,OJ4zPJdNshQ,47167,626,321
NBC News,LIVE: Biden speaks at first campaign rally since debate | NBC News,2024-06-28T17:41:37Z,n58DT6vy2Tk,55973,1141,915
NBC News,New York man fatally shoots 80-year-old grandfather before dying by suicide,2024-06-28T17:30:04Z,Vhn1TOfkT58,11902,102,44
NBC News,Ohio deacon speaks out about state‚Äôs anti-LGBTQ proposals,2024-06-28T17:00:37Z,nhM7DPpqUdw,1464,22,21
NBC News,Trump invokes &#39;Black jobs&#39; when speaking about immigration,2024-06-28T16:38:33Z,Vc0S2_xR5rs,103268,783,1760
NBC News,Supreme Court‚Äôs Jan. 6 ruling may alienate independent voters,2024-06-28T15:50:13Z,bcTmE87NFqw,8904,64,101
NBC News,Morning News NOW Full Broadcast ‚Äì June 28,2024-06-28T15:36:54Z,hyg2_lPLj40,173532,605,337
NBC News,Special report: Supreme Court rules for Jan. 6 rioter challenging obstruction charge,2024-06-28T15:35:48Z,HbiTS2L-l_E,19877,178,243
NBC News,Supreme Court rules in favor of Jan. 6 rioter challenging obstruction charge,2024-06-28T15:15:59Z,1BsmSaAV4Jc,33002,220,388
NBC News,Olympic U.S. BMX racer Felicia Stancil hopes to bring back gold,2024-06-28T14:59:02Z,LIaeQByXaF4,1091,14,1
NBC News,Doctors urge people to get tested amid a summer Covid wave,2024-06-28T14:32:23Z,sOEGa4MfXi0,7838,116,67
NBC News,French far-right ahead in opinion polls but the election is far from cut-and-dried,2024-06-28T13:17:02Z,amV5IInoOkk,32112,82,151
NBC News,This Morning‚Äôs Top Headlines ‚Äì June 28,2024-06-28T12:04:11Z,yG54iDeIUoA,47552,285,188
NBC News,"WATCH: Biden, Trump 2024 First Presidential Debate, Hosted by CNN",2024-06-28T10:38:40Z,eV3jZgwjG0U,3401930,22109,1724
NBC News,Robert F. Kennedy Jr. calls first presidential debate ‚Äòdepressing‚Äô,2024-06-28T10:30:00Z,-FLhXpIUcig,442649,7273,3327
NBC News,Watch the first 2024 presidential debate between Biden and Trump,2024-06-28T05:27:43Z,yr9d79TNPfc,3374789,26161,20531
NBC News,First Presidential Debate: Analysis,2024-06-28T05:16:28Z,eEBb5OM2-rs,232366,1427,1719
NBC News,The role artificial intelligence and technology play in marketing and advertising,2024-06-28T04:45:02Z,_sXfISDElHs,4388,53,6
NBC News,Ohio Sen. JD Vance praises Trump&#39;s performance in first presidential debate,2024-06-28T04:30:00Z,-QCLnuvdyM8,77876,647,591
NBC News,Biden confronted Trump on his remarks about pardoning those convicted of crimes related to Jan. 6.,2024-06-28T04:14:06Z,caNGKURo0vw,47084,883,449
NBC News,Biden and Trump argued back argued which one is America‚Äôs all-time worst president.,2024-06-28T04:12:32Z,b0DYwgIGD04,40640,765,295
NBC News,FACT CHECK: Have U.S. troops died abroad during President Joe Biden‚Äôs time in the Oval Office?,2024-06-28T04:09:15Z,uNOHlziKVyY,53420,1110,308
NBC News,Biden accused Trump of having the ‚Äúmorals of an alleycat‚Äù for allegedly having sex with a porn star.,2024-06-28T04:10:29Z,T4AYs9tGwz8,39273,1040,242
NBC News,LIVE: First Presidential Debate: Analysis,2024-06-28T04:06:27Z,zPDiMUaKkIo,266588,1268,999
NBC News,Chuck Todd: Democrats in ‚Äòfull-on panic‚Äô over President Biden‚Äôs debate performance,2024-06-28T04:04:02Z,ioVZ7v9r3bI,801991,6569,6367
NBC News,Iranians head to polls to vote for new president in potential litmus test for country‚Äôs future,2024-06-28T04:00:41Z,utCOkX6kl70,14561,29,16
NBC News,WATCH: Initial reactions to Biden and Trump&#39;s first 2024 presidential debate,2024-06-28T03:54:08Z,7StTlRG1moU,175219,956,1386
NBC News,Watch the first 2024 presidential debate in 3 minutes,2024-06-28T03:45:03Z,RfB1AVOiEdE,161851,948,517
NBC News,"Biden calls Trump a &#39;whiner,&#39; Trump says he will accept 2024 results if they are &#39;fair and legal&#39;",2024-06-28T03:19:51Z,DoiRMp3I1-Y,9755,104,95
NBC News,"Biden and Trump argue over age, competency and golf swings during first presidential debate",2024-06-28T02:52:37Z,crZOr_E8nfQ,86786,843,567
NBC News,Why RFK Jr. isn‚Äôt on the debate stage,2024-06-28T02:52:55Z,ZBl4_-8DJyY,14580,145,105
NBC News,Biden and Trump don‚Äôt shake hands at the presidential debate,2024-06-28T02:51:08Z,Uf3yS0x01RI,75146,1381,467
NBC News,Trump long mocked Biden as a weak speaker. Now he‚Äôs praising Biden‚Äôs debate skills,2024-06-28T02:50:10Z,xjLBQPUs8-8,12491,127,72
NBC News,Biden and Trump spar over abortion rights after Supreme Court rulings,2024-06-28T02:27:43Z,BN6X4s9z90Y,5165,34,31
NBC News,"Trump avoids responsibility for Jan 6, points to Nancy Pelosi and other politicians during debate",2024-06-28T02:23:29Z,rd1WUiwIIo0,6511,62,212
NBC News,"Trump and Biden clash on Russia, Ukraine and Afghanistan in first presidential debate",2024-06-28T02:15:53Z,xNov4MiZhzM,97201,650,789
NBC News,&#39;I didn&#39;t have sex with a porn star&#39;: Trump addresses alleged relationship with Stormy Daniels,2024-06-28T02:12:59Z,xUAPDQKT1rM,38237,227,121
NBC News,Nightly News Full Broadcast - June 27,2024-06-28T02:00:14Z,hzEAJiKODLE,505496,4625,781
NBC News,Biden calls Trump a &#39;sucker&#39; and &#39;loser&#39; in response to previous comments on veterans during debate,2024-06-28T01:52:11Z,h_LFVwHNZG0,13779,139,133
NBC News,"‚ÄòInflation is killing our country,‚Äô Trump says during first presidential debate against Biden",2024-06-28T01:47:32Z,xn9GBSLmf9k,9725,52,97
NBC News,Hallie Jackson NOW - June 27 | NBC News NOW,2024-06-28T01:29:03Z,P6dgzoQZpdc,107830,456,122
NBC News,Lara Trump says Trump has &#39;told some people&#39; who his VP pick will be,2024-06-28T01:30:16Z,QtNoWpiblhs,37308,284,209
BBC News,Reform UK&#39;s Nigel Farage and Green&#39;s Adrian Ramsay grilled by BBC Question Time audience | BBC News,2024-06-28T22:16:57Z,pjllyU0jVt8,69513,407,2097
BBC News,Biden on Debate:  ‚ÄúWhen you get knocked down you get back up‚Äù | BBC News,2024-06-28T21:39:29Z,Aw54uetqZEY,134133,1731,1555
BBC News,What&#39;s next for gaming in the UK? | BBC News,2024-06-28T20:45:02Z,iMQT3WsZQWM,44017,869,171
BBC News,What questions do you have about the UK&#39;s general election?#GeneralElection #UK #BBCNews,2024-06-28T19:55:24Z,H7Hk70LIEfk,8178,178,59
BBC News,Biden v Trump: Inside the spin room after presidential debate | BBC Americast,2024-06-28T17:57:48Z,h8bdiokuWKc,46710,731,411
BBC News,Watch moment sinkhole swallows football pitch leaving a 100 feet wide (30.5m) hole. #BBCNews,2024-06-28T17:00:45Z,yVjTkF9pIXU,35373,654,46
BBC News,Indonesia detains Taiwanese cyber gang | BBC News,2024-06-28T16:28:57Z,4Kki57fwhp4,35829,576,206
BBC News,World&#39;s smallest elephant in danger of dying out | BBC News,2024-06-28T14:43:35Z,ODDm0FLBuM4,37912,826,85
BBC News,Biden challenges Trump to golf contest. #Trump #Biden #BBCNews,2024-06-28T14:32:41Z,wl0DL69WJHY,28916,650,204
BBC News,Joe Biden and Donald Trump clash over war in Ukraine | BBC News,2024-06-28T12:30:34Z,kHog3o3S0Tk,183533,1787,1181
BBC News,Iran Election: Polls open to elect new president | BBC News,2024-06-28T10:41:21Z,CXo1GACRcqU,51716,308,267
BBC News,Princess Anne has returned home from hospital. #Royals #BBCNews,2024-06-28T10:36:47Z,kYrfOEyLuus,18952,444,42
BBC News,Who won the first US presidential debate - Joe Biden or Donald Trump? #USPolitics #BBCNews,2024-06-28T06:58:29Z,lk-o55_oA3Y,78618,1520,660
BBC News,US election 2024: Who won the Biden-Trump debate? | BBC News,2024-06-28T04:00:43Z,wYFOu0mMlu4,131036,979,984
BBC News,Joe Biden and Donald Trump trade barbs in first presidential debate of 2024 election | BBC News,2024-06-28T02:58:43Z,lenpARWMyEY,114034,1087,843
Al Jazeera English,Funerals begin for demonstrators as protests continue in Kenya | Al Jazeera Newsfeed,2024-06-28T19:40:36Z,jA5TQBaLJ94,25820,274,57
Al Jazeera English,Three medics killed in Israeli airstrike on civil defence headquarters,2024-06-28T18:49:09Z,8TgDxbQnE4w,15624,608,240
Al Jazeera English,Biden tells supporters in North Carolina that he intends to win the elections in November,2024-06-28T18:08:37Z,RlcUA4MTj4A,12939,163,169
Al Jazeera English,Biden campaigns in Raleigh a day after presidential debate,2024-06-28T17:32:17Z,n47L5Rpxs-I,10127,108,95
Al Jazeera English,Israel‚Äôs Smotrich promises &#39;a million‚Äô new settlers under expansion plan | Al Jazeera Newsfeed,2024-06-28T16:40:30Z,jzMcFWIuCeA,44267,657,815
Al Jazeera English,Palestinian mother and son sell food to survive the hunger,2024-06-28T15:59:24Z,MadIGm7bYQM,22822,1122,496
Al Jazeera English,"Letters of Love, Letters of War: Algeria‚Äôs war for independence | Al Jazeera World Documentary",2024-06-28T16:00:14Z,HmWYSC1vf1Y,50530,1746,282
Al Jazeera English,Criminal complaint filed over viral French song | Al Jazeera Newsfeed,2024-06-28T15:27:37Z,efSPrFpEr08,14231,173,161
Al Jazeera English,Voting under way in Iran‚Äôs snap presidential election,2024-06-28T14:37:24Z,76qXwUiVm_k,11566,233,57
Al Jazeera English,How is the loneliness epidemic affecting society? | The Stream,2024-06-28T13:00:52Z,lCwHWH8T2ck,94812,2182,776
Al Jazeera English,Key moments from the US presidential debate | Al Jazeera Newsfeed,2024-06-28T12:10:31Z,3g9npRUvVgQ,35930,426,296
Al Jazeera English,Xi Jinping : Building bridges rather than confrontation,2024-06-28T11:23:40Z,h1lUDmHmXrQ,31614,461,289
Al Jazeera English,France Elections: Far-Right focuses on immigration,2024-06-28T10:55:45Z,4Daq_pgCjqM,11323,156,192
Al Jazeera English,Latest : Voting under way in Iran‚Äôs snap presidential election,2024-06-28T10:01:12Z,aFChe2QM2W4,21037,595,114
Al Jazeera English,UK Housing Crisis and General Elections,2024-06-28T09:50:59Z,tUthzWE1Swg,14990,206,97
Al Jazeera English,Video shows aftermath of fatal New Delhi airport roof collapse | AJ #shorts,2024-06-28T09:00:55Z,9JH2kiIIr2U,39709,1536,342
Al Jazeera English,China- Peru relations: New mega-port in Peru,2024-06-28T08:46:04Z,iHLRP8GchhM,20776,539,149
Al Jazeera English,Trump and Biden bicker over golf in presidential debate | AJ #shorts,2024-06-28T07:59:01Z,t92y6pyuOjs,105764,2403,522
Al Jazeera English,Biden stumbles during faltering start to presidential debate | AJ #shorts,2024-06-28T07:01:59Z,5eYJNf8Z-gw,143958,3674,414
Al Jazeera English,Trump calls Biden a ‚Äòbad Palestinian‚Äô in presidential debate | Al Jazeera Newsfeed,2024-06-28T06:03:45Z,_YfQbQqIxTM,547343,11156,2074
Al Jazeera English,‚ÄòDemocrats in full blown panic‚Äô after US debate says AJ reporter | AJ #shorts,2024-06-28T05:49:53Z,wWK9EDbrglo,49486,1979,227
Al Jazeera English,How is Argentina faring under Javier Milei? | The Take,2024-06-28T04:00:08Z,EdPddoC2rHc,25555,625,300
Al Jazeera English,Bolivian president denies being behind the attempted govt takeover,2024-06-28T03:56:20Z,yE2ZXjLA_do,3215,58,2
Al Jazeera English,Kenya protesters call for President Ruto‚Äôs removal after tax bill dropped,2024-06-28T03:16:52Z,Osh3YlLEXPk,40409,468,96
Al Jazeera English,Biden urges investment in manufacturing and job growth,2024-06-28T02:53:09Z,D-o8fll1hnw,10983,136,63
Al Jazeera English,Eight people were killed as Palestinians were ordered to evacuate Shujaiya,2024-06-28T02:48:29Z,hevL_hFIXEA,23393,1040,565
