look,like,hollywood,set,main,actor,background,people,also
endengado
fdr,would,rolling,grave,saw,biden,fdr,helped,take,care,american,first
people,kissy,kissy,wheres,toilet,give,toot,stay,awake
funniest,state,union,address,ever,known,history,united,state,illegitimate,commander,chief
great,speech,biden
hear,reelect,trump,chant,whats,name,talking,border
pure,deception,satanic,evil,lord,jesus,pray,heart,4,year,good,godfearing,president,would,take,u,home,call,u,cloud,gladly,meet
thank,god,survived,without,injury,except,swelling
5007,bipartisan,border,bill
bidens,like,scarecrow,wizard,oz,looking,brain
kamala,even,chair,couldve,stood,clapped,everything,biden,said,lied
look,like,steal,rig,something
wow,right,start,tell,bidens,eye,definitely,mix,drug,look,like,gave,something,every,pill,bottle,medicine,cabinet,could,function
smart,id,go,home,didnt,guess,show,smart
third,straight,state,union,address,quit,listening,within,first,minute,starting,least,degenerate,thief,pathological,liar,owe,u,honest,rendition,condition,nation,socalled,president,member,communist,party,tell,sun,shining,bet,cold,moonless,night,try,lie,deceive,indoctrinate,brainwashed,mass,believing,hellish,condition,great,nation,golden,age,ushered,personally,truth,state,union,described,two,word,instead,instead,hour,half,two,word,accurately,describe,state,nation,suck
even,child,ukraine,collect,money,armed,force,superrich,american,trumpists,johnson,elon,musk,afraid,putin
president,biden,crushed
get,rid,wef
pay,play,mafia
thank,speaker,johnson,agree,biden,idiot
wow,there,bunch,insane,nut,fox,news,side,like,yaw,daddy,trump
look,tiny,little,hads,creepy
senator,britt,fabrication,typical,trumpism,trump,assault,democracy,constitution,j6,rioter,criminal,trump
speaker,tore,speech,like,pelosi
listen,yelling,go,fact,check,lie,divider,chief,joke,fjb
grandfather,fought,fascism,republican,grandchild,voting
like,bad,lip,reading,sotu,funny,stuff,version,sad,little,scary
high,kite
joke
union,3
great,republican,response,little,embarrassing,shame,grand,ole,party
america,come,first,ukraine,doesnt,care,usa,received,strong,border,destroyed,economy,thread,need,president,trump
magatrump,behind,bar,america,support
like,kamala,stood,real,fast,clap,jailed,minor,crime,possession,thats,best
trump,rebuttal
history,watching,absolute,worst,president,ever,bumbling,biden,state,confusion,address
wow,kamela,stood
biden,know,story,lived,among,elitist,thief,life
technology,cant,used,china,left,fifth,afghanistan,leadership
history,speak,cult,easily,gaslit,trump,embraced,flawed,leader,cult,history,rallied,around,grievance,bigotry,railed,interest,believed,obvious,con,true,disaster,normalization,madman
10,year,running,4,year,10,year
dont,give,government,pension,get,american,want,keep,spending,giving,money,away,like,lottery
real,job,joe,biden,none,politics,corrupt,doesnt,leg,stand,wont,win,frail,weak,leader
4,year,still,hasnt,figured,thing
dont,give,joe,run,reelection
sound,like,apocalypse,tribulation,coming,faster,thought,awesome,written,russia,china,america,nobody,stop,right,track,full,speed,ahead,ticking,israel,america,sweet,dream,every,one
joe,got,ta,go,worst,president,history,world
mike,johnson,look,sick,stomach
guy,compared,current,political,debate,beginning,world,war,ii,remember,drawn,world,war,ii,japan,attacked,u,fdr,trying,goad,america,war,long,thatwith,help,british,propagandistsbut,thankfully,american,people,saw,wouldnt,permit,pointbut,heck,attacked,putin,nope,illegal,alien,yesbut,biden,effectively,took,side,speech,biden,effectively,declared,war,half,america,reason,half,america,legitimate,political,view,concern,oppose,chill,every,american,bone
britt,done,loon
people,clap,hug,guy,oh,nvm,get,million,dollar,back
country,feedback,usa,today,especially,important,film,offering,masada,masada,american,television,miniseries,aired,abc,april,1981,advertised,network,abc,novel,television,fictionalized,account,historical,siege,masada,citadel,israel,legion,roman,empire,ad,73,tv,series,script,based,1971,novel,antagonist,ernest,gann,screenplay,written,joel,oliansky,siege,ended,roman,army,entered,fortress,discover,mass,suicide,jewish,defender,defeat,became,imminent,internet,search
biden,tried,proving,state,union,job,proved,jerk
undies,got,soaking,wet,thanks,fox,news
ill,disgrace,trump,becomes,president,tried,steal,result,2020,91,criminal,charge,one,best,friend,viktor,orbes,hungarian,dictator,people,waiting,see,reality
amazing,watching,speaker,house,nodding,mostly,topic,biden,talking
dont,bother,watchingi,angry,old,man,calling,half,country,enemy
he,birdbrain
political,violence,january,6th,give,break,political,violence,aggressive,rioter,way,worse,many,level
republic,democracy,need,help,homeless,fellow,american,sending,aid,anyother,country,need,need,leave,nato,go,back,neutral,country,like,world,war,2
shouting,try,demonstrate,thoughness,sanity,facade,reality,nothing,corrupt,senile,old,guy,puppet,sad,sight
start,speaking,929
watched,speaker,house,whole,time
like,state,lie,cant,believe,people,literally,clapping,applauding,leader,aiding,another,country,committing,genocide,awful,sick
god,name,biden,guve,58,billion,release,rheir,heinous,cruminals,iran,week,later,hamas,financed,israeli,massacre,devil,truly,action,speak,ream,man,pure,evil
need,responsiblty,leader,speak,eloquently,leader,clean,record,regarding,china,country,biden,need,prosecution,many,level
term,limit,sad,result,carewr,politician,vote,term,limit
fruitcake,self,sank,ship
conservative,swarm,disturbing,event,vocalize,seems,marjorie,tayloe,gumption
embarrassment,america,appears,caregiver,promoting,honor,recent,young,lady,brutally,murdered,joe,bidens,loosey,goosey,illegal,migrant,law,outrageous
weak,impaired,man,believe,allowed,continue
love,fox,news,coverage,close,ups,comment,turned,thank,professional,journalism,live,honest,reporting
u,eat,z,bug
state,confusion
yes,u,smart,know
dam,katie,brittthe,psycho,shiftyness,thing,natural,weird,b
trumpiebooboo,doesnt,chance
equality,everyone,denying,right,whole,group,human,being,america,child,mother,womb,possible,crucial,love,mother,preborn,child
called,conspiracy,people,politician,get,together,talk,furthering,criminal,activity
guy,look,like,infant,look,like,leader,country,smh,america,wont,survive,one,term,lol,supporter,cant,even,get,right,say,lot,whole,regime
lol,mike,johnson,trying,hide,clapping,desk,gold
kitchen,table,gop,response,couldnt,resist,could,democrat,republican,make,reference,idealized,table,rich,political,discourse,met,mashed,potato,gravy,ah,live,mayberry,town,platform,met,policy,check,post,war,home,little,1100,square,foot,nearly,enough,eatin,kitchen,mom,pot,roast,always,burned,anyways,hell,say,post,tiktoks
investing,american,code,speak,increasing,tax,middle,class,give,free,money,nonworking,class,worsen,inflation,make,home,ownership,retirement,increasingly,impossible,traitor,need,replaced
comment,worthless,havent,watched,video
nothing,covered,state,union,campaign,pep,rally,comlete,trained,4,year,chanting
know,really,sad,kamala,first,lady,vice,president,u,feel,like,wasted
tiktok,become,political,brainwashing,tool,chinese,government,chinese,government,prohibits,people,speaking,none,come,forward,oppose,chinese,government,one,called,chinese,government,official,either,courage,stand,chinese,government,monopoly,manipulation,tiktok,perhaps,save,tiktok
place,joe,receive,applauds,far,left,democrat
reminded,watching,comedian,lewis,black
he,clowm
timestamps,please
reckon,physician,hopped,president,normal,day,cant,walk,five,step,talk,five,minute
poor,excuse,president,threaten,supreme,court,justice,hell,going,guy
liar,chief,spewing,falsehood,always
democrat,joke
dark,brandon,best,scotus,give,potus,immunity
turning,setback,growth,bible,plagiarism
despite,overwhelming,good,news,think,near,anarchy
biden,well,despite,many,wanting,slip,republican,wouldnt,even,clap,important,issue,former,president,puppet,weak,holding,u,back
ill,president,americansexcept,people,disagree,metheyre,stupid,maybe,liked,kennedy,much,step,let,rfk,president,least,debate
joe,broke,record,lie,state,union
played,kamala,pop,drinking,game,every,time,stand,clap,smugly,take,shot,would,sounded,like,biden,end
dark,brandon,2024,question
first,incumbent,president,lose,plate,primary,44,year
american,falling,scare,tactic,republican,fox,pushing,biden,2024
great,speech,great,dynamic,presentation,taken,call,american,take,action,using,wit,resource,ensure,failed,insurrectionist,disgraced,former,president,ally,never,hold,public,office,disgraced,former,president,held,accountable,crime
usa,doomed,4,year
commented,bunch,comment,try,wake,guy,fox,news,lying,comment,deleted
thanks,mr,president
biden,clown,n,obama,liar,whata,team
sadly,world,watched,idiot,spew,ridiculous,lie
tell,new,job,apply
leave,putin,alone,quit,expanding,nato,agreement,made,many,year,ago,russia,nato,russia,didnt,want,nato,country,bordering,russia,nato,expanded,east,5,country
dont,people,see,really,wake,human
21,increase,corporation,tax,increase,pay,every,product,register,21,people,biden,know,raise,corporation,tax,raise,pricetax,americansconsumers,pay,cash,register,every,product,buy,increase,corporation,tax
love,trump,went,truth,social,blasted,biden,talking,credit,covid,vaccine,trump,say,deserves,credit,saving,american,life,getting,vaccine,push,mean,warp,speed,everyone,thank,trump
im,sure,noticed,nearly,republican,refused,shake,hand
1,speak,way,scotus,anger,quiet,left,speechless,one,word,could,convince,hoe,wring,next,intimating,scotus,wow,2,wasting,time,entering,show,popularity,thise,u,disagree,biden,class,3was,joe,manchin,biden,snubbed,fast,4,glorious,display,followed,screaming,screaming,insult,certainly,see,parallel,nazi,group
think,know,whose,cocaine,found,wh
one,thing,bidens,state,union,speech,proved,proved,competent,enough,impeached,criminally,charged,illegally,taking,classified,document
oh,treated,equally,thats,certain,every,single,one,u,oppressed,communist,state
good,katie,missing,policy,proposal,support,family,retiree,exactly,gop,plan
cant,find,stage
great,speech,sleepy,joe,stunned,republican,mentioned,partisan,maybe,6,time,especially,republican,border,legislation,republican,scared,send,congress,vote
say,crazy,old,lying,man,hopped,adderall,lie,lie,lie,lie
like,police,academy
biden,didnt,pay,tax,overseas,corruption,scheme
hysterical
many,absolute,moron,comment,gop,free,fall,delicious,watch
someone,take,old,folk,home,get,diaper,changed
dont,love,trump,life,rent,free,mind,dems
smh,chile,4,minute
chuck,amd,nancy,thrilled,hear,liesthey,grind,teeth,clap,weirdo
look,strange,pelosi,look,like,shell,pee,joy
disgusting,liar,chief
joe,define,woman,domestic,violence,bill,usual,joe,misquoted,trump,get,statement,joe,left,wheres,office,misinformation,instead,banning,called,assault,weapon,btw,definition,assault,weapon,harsher,penalty,use,gun,commit,crime,responsible,gun,owner,dont,shoot,people,except,self,defense,gun,ever,killed,anyone,person,handling,gun,one,kill,reason,trade,defect,low,china,trump,tariff,reason,chip,manufacturing,back,u,trump,ground,work,get,plant,built,ohio
worst,president,history
ridiculous,response,ever,way,speech,dramatic,childish
look,soabsent
cant,love,country,win,idiot,entire,democrat,party,remember,previous,term,hate,give,break
walk,away,hear,ahganistan
one,tell,truth,ukraine,robert,kennedy,jr,bunch,warmonger
uniparty
jan,6th,darkest,day,20142019,mostly,peaceful,lick,nut,biden
slurred,beginning
crap,happening,still,talk,defending,democracy,bizzare
speech,fettered,bald,faced,lie
biden,doesnt,like,gun,take,away,secret,service
someone,please,point,180,degree,change,stance,police
sure,slurred,stumbled,angry,divisive,speech
liar,taught,2nd,amendment,12,year,really,hopped,drug,still,cant,speak
propaganda,union,2024,haha
reminds,old,film,witch,bit,grand,witch,address,witch
evil,little,man,satan,incarnate
hahahahahaso,much,fun,reading,comment,section,tell,cult,rattled,butbutbutsleepy,joe,cant,give,speecheshes,old,confused,fact,hurting,prefer,orange,idol,dumb,speechso,understand
worst,speech,ever
democrat,vile,stupid
truly,mystery,clap,scream,living,another,country,didnt,radio,television,internet,biden,think,affordable,care,act,good,here,problem,almost,doctor,hospital,lab,accept,expensive
marge,pig
even,want,believe,biden,good,one,reason,another,trump,definitely,doesnt,compare,biden,giving,speach,trump,rant,vision,except,thing,rant,bad,thousand,american,worse,hasnt,come,one,new,thing,want,country,support,vision,support,man,go,broke,thats,exactly,want,hope
biggest,phony,lifetime,ahead,barrack
biggest,threat,democracy,democrat,lie,jan,6,protest,capital,police,actually,opening,door,allow,protester,capital,escorting,thru
yes,american,dream,nightmare,trump
state,union,address,campaign,rally,looked,much,like,violation,hatch,act
loved,katie,britt,told,like,crooked,slow,joe,biden
continues,doomed
gov,trying,support,adderall,elderly
bro,isnt,worried,future,isnt,going,part
fire,let,try,cool,mania,stupid

republic,democracy,man,pill,slippin
much,talk,action
u,joe,botox,working,u,old,81,yr,skin,tuck,take,nap,dont,get,keep,depends
predecessor,2024
204,congress,woman,georgia,national,treasure,marjorie,taylor,greene,look,defended,woman,killed,alien,criminal,bidens,expression
bring,orange,guy,back
know,man,dont,give,f,u,opening,speech,urkaine
allen,mccurdy,stated,keynote,third,party,national,convention,1920,year,secret,slavery,republican,party,democratic,party,come,open,reveal,nation,nothing,right,wing,left,wing,bird,prey,there,old,adage,part,solution,part,problem,republican,none,deserve,brownie,point,respect,constituent,sitting,making,frowny,face,shaking,head,narcissistic,megalomaniac,told,one,glaring,lie,another,disparaged,predecessor,whose,name,coward,couldnt,say,even,referring,couldve,former,president,really,member,congress,matter,know,wasnt,president,trump,fact,president,trump,say,russia,could,whatever,hell,want,obama,caught,hot,mike,making,secret,promise,putin
dear,third,party,voter,rfk,jr,independent,libertariansplease,love,country,vote,support,trump,upcoming,election,current,administration,hoping,fleeing,biden,middle,roaders,disliking,trump,vote,3rd,party,rfk,jr,indys,libertariansplease,endorse,trumpas,much,people,may,want,rfk,jr,president,wont,happen,third,party,ever,came,close,election,way,much,risk,juncture,usa,want,similar,trump,maga,ideology,stand,united,biden,admin,insanity,reek,havoc,point,usa,weve,known,here,currently,see,thing,id,rather,vote,idiot,policy,work,american,people,lieu,idiot,policy,american,people,people,leaving,left,insane,policy,exact,reason,people,vote,2020,pageso,let,unite
mr,speakerthe,head,sniffer,longer,united,state
look,like,retirement,home
mumbling,fool
slaughtered,republican,party,talking,point,border,crisis,buried,anyone,vote,trump,point,cant,saved
well,sotu,methed
im,puke,disgusting,crime,american,taxpayer,man,done,lie,barefaced
maga,suck,test,america
republican,vote,open,border
wish,knew,kind,drug,theyre,giving,guy,he,going,completely,somewhat,lucid
many,humas,murderer,cross,open,border,nobody,know,guarantee
grand,slam,bless,president,biden,earned,vote,sharp,tack
830,speech,start
honestly,joe,look,like,walter,jeff,dunham,show,joe,real,dummy,obamas,hand,shoved,joes,butt,moving,lip
nice,try,joe,dont,trust,believe
idiot,born,every,minute,joe,used,enormous,amount,minute,become,big,idiot
meanwhilewe,texas,making,school,safer,biden
republican,supporting,communism,whats,going,booooooooooo,gop
spew,lie,make,true,god,help,u
bobblehead,mike,nod,concurs,agreement,yet,republican,frown,know,biden,right,mike,know,sloth,bobblehead,nod,let,u,know,bobblehead,mike,nod,total,agreement,biden,sound,sound,bite,sound,bite,yes,yes,yes,bobblehead,mike,declares,mike,bike,hed,treading,deep,he,trouble,trump,speak,hell,call,bobblehead,mike,yes,hell,steal,word,cause,trump,giant,chunk,orange,turd,f,yall,fox,cuz,yall,eat,orange,turd,breakfast,fear,dear
read,3rd,grade,quite,late
staying,going,home,telling,u,he,stupid
ok,mr,president,listen,word,slowly,fine
campaign,speech
let,go,brandon
5005,im,confused,say,team,developed,patrisian,deal,bood,oh,u,hate,rep,bill,put,together,explaines,good,cheer,start,credit,rep,deal,good,bad
lie,lie,lie,corrupt,criminal,destroying,great,country,spoke,lie,lie,lie,shut,border,american,died,left,blood,hand,worst,president,ever
much,better,watch,fox,seat,v,cnn,thoae,libs,live,think,biden,best,thing,sinceuh,electric,car
good,morning,sir,please,meet,today,keep,going,sir
teach,second,amendment,12,year
man,arrested,yes,arrested,speaking,marine,killed
biden,trash,worst,president,ever
would,historic,day,see,first,american,president,go,prison,treason,corruption
senior,reach,certain,age,time,go,old,postion,frailspeak,truth,shame,devil,better,fine,young,man,move,faster,lord,help,u,jesus,amen,settle,heaven,earth,safe,amen,amen
im,yet,see,state,union,election,speech
weird,behavior,beginning
blm,riot,antifa,fbi,agent,proven,pushed,people,capital,exactly,thats,political,violence,blatant,insurrection,people,walked,around,capital,let,inside,antifa,pushed,gate,ran,door,thats,insurrection,right
total,political,rally,one,hell,ever,people,cheer,ever,put,front,crowd,theyll,heckle,never,type,rally
real,im,cutting,deficit,another,trillion,dollar,making,corporation,wealthier
would,better,saying,single,handedly,destroyed,country
rep,chewing,gum,vulmiting,experience
tell,bigger,lie,kamala,harris,standing,applaudhow,know,biden,lying,he,talking
since,socialize,state,union,address,wire,everybody,bending,talking,like,he,little,kid,oh,thats,right,act,like,one,thought,going,walk,ice,cream,cone
protest,civilian,gaza,way,japan,wwii
really,didnt,hear,state,union,lot,yelling,u,american,see,admins,b
hunter,pay,fair,share
state,union,address,like,campaign,speech,biden,dare,get,debate,president,trump,dont,think,youre,worthless,weak
welcome,good,house,ukraine,usa
bafoon
care,lower,prescription,cost,invaded,million,people,getting,free,money,food,place,live,rasing,tax,already,losing,half,pay,check,tax,lower,cost,prescription,dont,matter,country,get,destroyed,3rd,world,war,killed,migrant,crime,get,priority,order,joe,people,arent,dumb,think
reptilian,next,speaker,exposed,time,jeckyl,speech
recorded,clapping,cuz,right,mind,would,clap,byeden
whatever,pumped,biden,full,speech,want
huge,asset,president,joe,trumpstomper,biden,opponent,underestimate,like,he,done,trumpstomper,biden,came,corner,landing,one,hard,punch,crowding,gop,rope,pummeling,ended,toying,like,time,sugar,ray,leonard,faked,big,exaggerated,windmill,windup,one,hand,punching,roberto,duran,face,hand,republican,cant,say,stopped,trying,make,thing,better,america,year,ago,want,argue,hurl,insult,help,russia,bring,u,president,stare,photo,hunter,club,look,honored,guest,george,santos,republican,fingerprint,new,firetruck,new,health,clinic,modernized,water,treatment,plant,new,clerk,court,office,many,project,district,making,thing,better,thanks,joe,biden,republican,declined,chance,share,credit,bringing,broadband,rural,area,live,fix,road,drive,republican,dont,want,lower,prescription,drug,price,help,people,get,health,insurance,help,family,child,tax,credit,give,relief,victim,predatory,lender,instead,republican,threaten,social,security,republican,want,defund,police,make,sure,crazy,people,get,ar15s,prolong,border,crisis
hilarious,sudden,biden,claim,worried,border,problem,started,5,year,ago,sudden,he,worried,right,election,joke,political,farse
gave,coherent,intelligent,speech,gave,people,hope,least,attempted,unity,didnt,ramble,nothing,contrast,trump,vile,lie,filled,semi,coherent,ramblings,filled,hate,bigotry,divisiveness,lie,lie,contrast,startling
boy,joe,nailed,happened,right,explain,cant,abortion,issue,care,lea,mom,toss,baby,dumpster,often,alive,hot,day,mean,party,aligned,realityits,amazin,wooo
leader,america,stand,lie,american,people,people,room,know,full,b,people,home,watching,also,know,full,crap,people,home,watching,blanket,candle,lit,cant,afford,bill,due,bidenomics,thanks,joe,taking,half,paycheck,give,alien,hate,u,wish,u,harm,contribute,nothing,society,waste
waste,time,watching
hunter,gave,much,stash
biden,said,belief,freedom,democracy,core,value,like,honesty,decency,dignity,equality,respect,people,age,see,differently,way,lose,vote,u,senior
say,bunch,lie,last,night,thursday,night
old,people,yell,lot
biden,trudeau,sent,island,prison,criminal
many,clone,guy,lol,cant,debate,trump,talk,like,doesnt,sound,like,95,time,cant,debate,opponent,damm,sure,cant,protect,country,country,hate,u
biden,foolish,old,man,im,surprised,could,stay,awake
tried,watching,video,cant,man,asshat,open,speech,talking,foreign,war,business,funding,dont,know,he,worst,president,history,he,got,top,3
45,minute,speech,lie,dose,amphetamine,starting,running,begin,stumbling,slurring,word
lifetime,64,yr,never,heard,state,union,president,taking,time,speaking,predecessor,none,le,deciding,disgusting
harris,amazing,leader,hell,talking,brandon
turn,cant,stand,even,looking,idiot
freedom,speach
author,constitution,never,meant,politician,make,career,congress,thats,biggest,problem,america,government
ok,fauxnews,best,report,news,greet,fined,another,half,billion,dollar
katie,britt,salute,biden,circus,gggrrrr
white,house,resident,feel,like,president
said,correct,accurate,thing,say,entirety,historyiswatching,god
supposed,state,union,state,ukraine
found,hateful,dont,know,drug,he,thats,he,screaming,lying,thats,opinion
hell,give,coming,hope,wear,bed,time,he,got,something,extremely,strong,yelling,screaming,angrily,time,much,sotu,taken,dark,ominous,tone,wow
see,circus,president,putin,nothing,worry
ive,never,seen,much,evil,straight,hell,one,room
woman,wear,white
another,perfectly,appropos,opportunity,use,one,favorite,elf,quote,sit,throne,lie
anyone,notice,signed,hr40,cut,stream,werent,paying,attention,hr40,give,12000000,study,effect,slavery,reparation
believe,people,ever,showed,biden,rally
total,joke
believe,used,democrat,stand,anything,man,democratic,party,stand,thing,feel,theyre,well,destroying,beautiful,country,god,help,u
joe,sound,like,hit,line,cocaine,found,white,house
gave,red,pill,super,pill,limitless,cause,never,sharp
see,future,continue,send,tax,dollar,overseas,instead,helping,people,treason
hell,nagging,nancy,pelosi,title
said,pretty,based,regardless,mentally,unfit
watching,clap,brandon,make,sick,stomach,dont,clap,man,ruined,country,destroyed,everything,troop,fought,20,year,pulled
threat,democracy,weak,incompetent,president,like,joe,biden,allowed,thousand,upon,thousand,death,u,say,legals,killing,eachother,yet,done,nothing,stop,either,like,get,seriously,go
andleave,alabama,malarkey
taking,water,tossing,fire,outside,country,fire,burn,violent,every,day,focus,american,people,need,first
god,look,camila,bro,literally,waiting,opportunity,joe,pas,away,step,run,country,ground,even
500,billion,dollar,go,back,pocket
threw,mouth,little
impressive,much,better,anticipated
everything,he,talking,already,trump
lying,machine,action
mean,angry,touch
majority,state,union,address,trying,blame,attack,president,trump,instead,telling,truth,biden,left,horrific,destructive,policy,republican,stood,walked,building,moment,first,lie,came,bidens,mouth,saw,speaker,johnson,shake,head,many,time,complete,disgust,joes,dishonest,delusionally,insan√®,statement,felt,embarrassed,listen,blatant,lie,foolish,corrupt,incompetent,commanderinchief,democrat,become,morally,bankrupt,reprobate,like,roman,11832,describes,ppl,left,incapable,honest,upright,america,crumbling,piece
book,revelation,united,state,america,mighty,lost,hold,reign,power,distant,past
trump,2024,biden,destroyed,country
man,walking,zombie,shame,anyone,reward,incompetence,another,four,year,even,damage,economy,social,structure
obama,pepet,master,lieing,joe,biden,hope,pray,republican,get,stronger,stop,democratic,party,fixing,voting,american,know,fix,need,president,donald,j,trump
biden,sharp,smarter,trump,least,vocabulary,word,experience,government,vote,trump,vote,putin,last,night,saw,tackiness,republican,party,karen,marjorie,example,republican,behave
biden,ok,he,grownup,unlike,trump,failed,insurrectionist,pro,sexual,assault,woman
shit,talk,walk
angry,sad,old,man,sympathy,devil,devil
wow,biden,better,expected
didnt,watch,get,enuff,bullchit,pasture,ive,watched,clip,yep,bullchit
buy,ammo
pathetic,uninspiring,divisive,way,going,reelected
would,rather,watch,someone,hemorrhoid,surgery,watch,entire,speech
11219,get,age,certain,thing,become,clearer,ever,unlike,pronunciation,word,clearer,sentence,big,guy
dont,give,dam,country,embarrassing,president,ever,wake,america,need,future,president,trump,back,2024,make,america,proud,president,trump,take,back,country,dont,want,sleepy,joe,4,year,horrible,president,history
forgot,bring,ice,cream,machine
say,x,threat,democracy,really,mean,x,threat,democrat,power,act,like,party,run,nation,disgusting
4,year
think,kid,partyf,australia
speaker,johnson,super,job,holding,impulse,vomit,poor,guy,going,lip,left,end,speech
planet,guy,live,buffoon
smart,id,go,home,true
he,right,american,attack,read,deuteronomy,bible,understand,illegal,immigrant,one,reason,one,reason,serve,black,master,destroying,america,dont,believe,joe,biden
baby,murdered,isnt,healthcare,isnt,reproductive,right
love,wave,red,herring,avoid,saying,abortion,talking,abortion
four,year,anyone,cheer
holy,crap,hunter,turned,right
steve,scalise,trailing,behind,imbecile,smiling,acting,giddythis,entire,government,body,become,club,crook,designed,rob,people,hard,earned,money,god,given,freedom,corruption,deception,people,continue,clinton,bush,obama,worst,last,3,year,ever,nothing,stagethe,largest,hypocrite,ever,prop,joe,biden,along,several,top,villain,wearing,black,robesand,leave,biggest,joke,vp,harris,seriously,pathetic,unprecedented,much,socalled,leader,hurt,great,nation,overall,god,help,u,joe,biden,shoe,horned,office,another,4,year
biden,lick,ice,cream
hello,biden,make,america,great,first,please,talking,lie
political,violence,place,unless,orchestrated,guy
putinists,full,attendence,comment,denail,epic
sound,like,campaign,speech,state,union
junk,fee,annoying,isnt,difference,making,purchase,convenience,fee,tacked,end,transaction,credit,card,company,charging,late,fee,cost,instigate,collection,one,deceptive,pricing,include,fee,price,make,sense,regulate,especially,case,monopoly,like,ticketmaster,credit,card,agreement,known,day,one,even,called,agreement,credit,card,company,arent,moral,paragon,anything,business,normalize,signing,agreement,contract,dont,understand,rather,government,regulating,company,consumer,agree
danger,democracy,diseased,party
sadly,51,population,idiot,actually,vote,idiot,back,office
say,going,raise,tax,billionaire,normally,way,taxing,way,usually,make,money,business,owner,v,employee,end,happening,small,business,pay,higher,corporate,tax,rate,billionaire,democrat,say,going,best,lawyer,accountant,exploit,ever,increasing,loophole,increasingly,complicated,tax,code,biden,say,working,people,safe,assume,mean,people,file,w2,millionaire,billionaire,wealthy,safely,assumed,mean,business,owner
mike,johnson,face,say
first,president,could,ever,assassinated,punch
lie,hows,drug,problem,usa,employment,everything,going,hunter,biden,making,lot,money,china,billion,dollar,spent,ukraine,american,doesnt,even,family,benefit,believe,fentanyl,make,talk,much
one,cent,tax,inflation,result,increasing,charge,corporation,still,cost,tax,payer
dont,think,guy,make,2030,saying
wait,drug,wear,fall,face
dont,try,steal,election,either,joe,president,done,nothing,good,country,people,worse,ever,country,danger,border,situation
everything,beginning,lie,lie,time,go,joe
man,disgrace,completely,sickening,abortion,treatment
american,people,nothing,u,trump202now
joe,say,give,money,choose,spend
people,cheering,really,pathetic
funniest,part,sycophant,surrounded,end,phenomenal,knocked,park,fact,joetato,able,stand,one,hour,time,telling,lie,considered,impressive,utterly,worthless,president,harm,he,done,country,take,generation,fix
joe,people,want,government,hand,out,want,decent,job,self,respect,period,mean,tax,cut,company,give,job
sounded,like,wish,list,state,union,address
amazing,upper,guy
wait,people,clap
border,bill,crap,close,border,instead,building,expressway
farmer,say,sorry,thats,false
voting,trump,twice,never,wasnt,going,vote,time,around,speech,thinking,voting,biden,dont,like,guy,hate,much,trump,whine,complains,talk,failed,deliver,policy,made,promise,campaign,regret,giving,second,chance,2020,voting,trump,let,viv,become,candidate
money
full,sh
voted,trump,twice,biden,fan,give,credit,due,delivered,speech,well,need,stop,hating,side,start,spending,time,trying,find,middle,ground,ever,since,trump,came,politics,full,grown,adult,acting,like,little,kid,okay,disagree,disagree,name,calling,side,calling,unamerican,need,stop,someone,liberal,conservative,view,doesnt,make,unamerican,american,party,really,disappointed,lately,lost,focus,country,become,party,trump,instead,party,america,need,better
border,never,fixed,president,neither,economy,dithering,diminshed,comment,insult,senior,america,economics,fall,shoulder,wealthy,large,investor,bank,unless,employment,monopoly,wallstreet,investment,vehicle,altered,nothing,get,fixed,administration,straw,boss
joe,mafia,little,criminal,state,union,minion
guy,shouting,10005
contrast,man,want,president,benefit,american,people,man,want,president,benefit,use,presidency,vessel,retribution,crystal,clear,biden,might,stutter,word,he,progressive,bernie,sander,perfect,world,would,president,he,mile,metrict,ton,better,trump,character,importantly,policy,trump,ask,vote,pardon,numerous,crime,rather,help,voter,say,everything,need,know
got,day,debate,maga,cult,gop,bring,got
close,border,close,border,close,border
biden,great,divider
lol,spin,lie
last,night,sad,frustrating,despicable,display,brash,diabolical,politics,nation,world,witness,watching,democrat,bounce,supporting,socialist,corrupt,dictator,national,disgrace,embarrassing,watch,message,unification,simply,disgraceful,delivery,nonsensical,unrelated,issue
president,joe,poopy,pant,state,confusion
disgusting,pathetic,speech,ever
biden,joke,sad,human,send,home
hide,basement,election,think,he,win,landslide,joe,biden,2024,go,get,joe
joe,want,hire,pervert,teach,child,fear,pervert
wonder,much,paid,clapping,seal,jackass
im,speechless,first,thing,mentioned,ukraine,funding,delusional
un,truth,everyone,know
joke,america,toast
find,funny,comment,turned,cnn,white,house,page,know,theyd,get,cooked,every,platform,lose
even,rbg,didnt,think,roe,v,wade,would,hold,scrutiny,wasnt,constitutional,supreme,court,exist,implement,law,make,determination,possible,american,wrong,legal,translation
state,union,address,shame,idiot,idiot,wrote,script,another,idiot,palosi,well,thats,proof,need
first,comment,trump,context,quote,used,lie
pathetic,response,expect,modern,republican,party,complaint,border,guess,good,thing,tanked,border,deal,mean,probably,better,try,shift,blame,issue,blame,democrat,repeal,roe,v,wade,anyone,remember,old,phrase,victor,write,history,book,dont,think,applies,voter,base,amount,bunch,mindless,sheep,eat,sht,bother,feed
wow,talk,detached,reality,delusional,outright,lying,people
look,like,geriatric,convention,nothing,projection,lie,kackling,kamala,definitely,high
individual,make,physically,ill,leaf,money,ukraine,lie,overwhelming,stunningly,nauseating,said,lakens,name,wrong,stoke,pen,opened,border,stroke,close,bill,needed,anything,except,keep,destroying,america
yes,joe,walk,away,small,fee,fellow,dems,family,charge,10,billion,dollar,make
god,he,pumped,full,adderall,look,eye
last
biggest,lier,ever,seen,american,people,put,sob,back,office,get,deserve
sound,like,joe,got,ta,hunter,stash,speech,still,wasnt,enough,make,sound,coherent
far,republicanj,response,would,rather,someone,else,anyone,else,deliver,republican,response,shallow,delivery,weak,response,even,context,speach,lacking,republican,need,better,know,wrote,rebuttal,terrible,job,believe,response,one,one,important,time,american,history,response,worst,president,american,history,give,break
everything,said,didnt,everything,said,wont,fucin,joke
wow,president,loved,let,forget,politics,minute
bidens,middle,east,policy,turned,god,america,bible,say,god,said,protect,isreal,god,protect,appose,israel,god,appose,america,decline,turn,back,protecting,israel,continue,decline
thats,one,chamber,full,terrible,specimengramps,need,ice,cream
didnt,wan,na,get,back,involved,politics,im,trump
senilely,trembling,way,podium,great,choice,america
well,mtg,showed,class,act
joe,surprised,room,actual,voter,without,chanting,fjb,nobody,asking,question,something,said,hasnt,done,beyond,talking,joe,biden,president,greatest,accomplishment,victim,elected,position,people,arent,power,blame,everything,could,accomplished,physically,term,president,stopped,twice,impeached,president,dont,know,law,anyone,ever,twice,impeached,incumbent,president,still,campaign,taxpayer,money,throw,court,hearing,still,say,elect,second,time,going,end,democracy,im,inspired,biden,finally,quoted,president,word,word,know,quote,he
brought,laken,riley,cause,prewarned,people,would,looking,forward,hearing,something,otherwise,wouldnt,peeped,president,totally,sux,worst,one,history,far
look,like,speaker,johnson,sitting,naughty,step
cant,see,crappie,state,union,must,drug,biden
suck,bad,biden
republican,joe,look,ball,impressive
look,like,gon,na,forking,billion,dollar,ukraine,sound
ill,vote,college,graduate,bozo,instant
total,joke
much,meth,think,got
joe,promise,bring,hostage,held,hamas,home,isnt,fundamental,responsibility,pulled,afghanistan,thats,expect,future,hack
much,coke,hunter,speech
president,biden,aced,state,union,tonite
biden,killed,refreshing,hearing,leader,talk,thing,matter,average,american,issue,affect,rather,trump,usual,divisive,self,hate,speech,name,calling,trashing,america,listing,self,grievance,policy,besides,catch,phrase,great,job,joe
ive,watching,state,union,since,nixon,little,boy,never,heard,president,attack,sitting,supreme,court,like,biden,looked,face,even,kagan,sotomayor,pissed
woman,blablabla,ludicrous,emotional,acting,writing,watching,germany,afraid,politician,feeding,usvoters,fictional,story,lie,etc,zero,fact,number,none,support,allegation,joe,biden,done,good,job,personally,wish,someone,competent,chancellor,worked,like,horse,signed,many,law,like,u,president,yes,improved,continue,improving,economy,personal,life,american,please,research,trust,eye,ear,dont,trust,press,watch,englishspeaking,european,news,channel,law,country,prohibit,deliberate,lie,public,reporting,false,fact,wish,would,strict,law
good,dont,get,hater,gaffe,id,expect
mtglove
thats,laken,riley,dim,wit
american,unjustly,detained,state,capital,insurrection,wasnt,anywhere,near,riot,2020,2016,ridiculous
clapping,disgusting,hurt,heart,people,backing,theyre,taker,giver,theyre,good,people,see,whats,happening,know,whats,happening,dont,care,happening
look,spaced
raising,corporate,tax,increase,cost,american,pay,cash,register,coarse,tax
biden,sick,head,dishonest
federal,deficit,increased,government,spending,joes,spending
wouldnt,fix,border,werent,one,ruined
one,shouted,sky,president,trump,wanted,stop,trip,china,demonscrat,accept,closed,business,border,part
buy,home,obviously,hasnt,told,interest,rate,like
gon,na,pay,everyone,get,tutor,sorry,joe,decided,kid,already,pay,broken,public,education,system,im,paying,someone,el,private,tutoring
bragging,fixing,mess
lord,pill,amfetamine,given,work,energetic,long,time,anyway,feel,word,reality,situation,u,sound,exactly,democratic,party,socialdemokraterna,country,sweden,b,talk,avoiding,reality,situation,society,n,people
wheres,hunter,white,house,snorting,coke
one,clappjng,one,sending,country,drain
oh,education,system,system,take,child,view,drag,queen,child,abuse
rest,assure,senile,person,hold,speech,present,dialog,like,met,really,senile,person,know,many
biden,say,didnt,diddly
four,year,fix,high,cost,prescription,drug,hell,talked,fella,today,said,wife,paying,400,month,one,prescription,empty,promise
company,drug,place,except,talking,moscow,berlin,course,different,place
wonder,content,pant
havent,heard,republican,talk,overturning,obama,care,many,year,disingenuous,make,talking,point,show,desperate,he,got,ta,go,back,time,vice,president,find,talking,point,popular
human,poor,spice,thing,waste,mentality,done,gonebehonany,hope
time,clown,say,whatever,want,funny,clownthis,fake,number,cheating,sad,american
would,war,ukraine,acted,2020,instead,blabbing,minor,incursion
notice,one,tore,speech
joe,stuffed,shirt,kma,mama,cringing
history,watching,economy,go,toilet
dems,serious,case,stockholm,syndrome
vote,democrat,need,control,control,stop
biden,huge,piece,garbage
biteunomics,biteunomics,best,ruining,country
cant,even,watch,idiot
oh,yeah,air,force,1,right,moscowwhat,joek,sad
he,ready,fix,border,send,bill,stop,suing,texas,enforcing,border,protection
shouting,whole,speech
good,bye,old,man,government,old,men,old,woman
scary,want,4,year,puppet
instead,raising,tax,billionaire,quit,pork,bill,hidden,4k,page,bill,one,couldnt,care,le,transgender,study,taiwan
cant,love,uhmerica,win,followed,clapping,cheering,democrat,called,trump,illegitimate,beat,hilliary
he,full
belvedere,wasting,money,battery,work,arent,catching,fire,dying,along,side,road,lack,infrastructure,wasnt,place,first,like,biden,pull,trigger,something,isnt,ready,sound,awful,lot,like,afghanistan
perfect,example,pathological,liar,dont,believe,research
effin,clown,show,least
dont,want,money,want,real,president
wow,taking,credit,15m,job,3,year,losing,22m,job,shut,country,fauci
bad,didnt,abortion,right,82,year,ago
truly,cant,understand,he,saying
strange,cough,chronic,pneumonia
here,positive,thing,say,jill,finally,decent,outfit
voting,biden,he,selling,america,little,little,world,thing,better
economy,looking
im,wondering,kind,drug,got,talk,he,never,clear,he,talking
modern,zeitgeist,jester,king
pretty,difficult,portray,joe,biden,dentist,patient,speech,like
hows,maui
glad,last,year,listen,dude
job,new,small,business,oh,right,ukraine
gun,control,government,want,always,predecessor,people,loss,freedom,end,right,respected
wheres,critical,analysis,issue,speech,brainwash,senator,katie,britt,biden,finished,talking
really,coud,made,little,le,dramatic,sound,like,really,bad,actress
politician,didnt,block,b,bill,voter,going,show,well,liked,next,november,america,worst,president,lady,gentleman,really,dont,think,anyone,ever,bad,let,pray,doesnt,nuke,u,election,day
peace,israel,come,messiah
youre,right,woman,le,freedom,supreme,court,overturned,roe,v,wade
really,wish,could,see,great,thing,said,he,done,one,think,ive,seen,indeed,half,snicker,bar,still,pay,old,price,lol,thanks,joe,fighting,rite,battle,junk,food,war
last,checked,ukraine,isnt,part,nato
far,weakest,saddest,incompetent,state,union,ever,man,puppet,barely,breathing,bragging,mistake,worst,president,lifetime,still,proving,guy,need,better,like,5,year,ago
stand,america,american,citizen
see,speaker,face,everything,good,people,country
must,given,ritalin,b12,cocaine,booster,shot
ill,die,republican,would,die,trump
see,state,union,strong
worst,criminal,politician,time,maybe,ever,biden,step,go,prison
shame,speaker,face,agree,biden,u,saying
try,telling,michelle,obama,cant,love,country,win
want,raise,tax,wealthy,raise,rent,poor,dumbass
say,pay,fair,share,tax,huh,lol
democrat,shred,constution,dont,comprehend,founding,father,sure,shaking,head,especially,perhaps,benjamin,franklin
ukraine,europe,america,first,line,defense
he,old,sure,sharp,actually,vocabulary,talk,america,hope,republican,listened,passing,bill,help,resolve,border,articulate,comparison,trump,would,love,see,debate,factchecker,mediator,calling,either,candidate,lie,u,american,people,issue,see,trump,try,shout,candidate,equal,air,time,allow,candidate,time,address,american,people
imagine,unironically,chanting,four,year
biden,talk,clan,fought,integration,school,hypocrite
started,speech,taxation,without,representation,stop,robbing,people,giving,money,away,foreigner,home,abroad
since,numbnuts,office,home,payment,risen,50000
would,love,know,cocktail,drug,giving
think,drinking,led,pip,long,time
sorry,cant,watch,lie
incredible,many,lie,wrote,biden,spew,tonight,first,half,speech,full,bogus,claim,skewed,statistic,trying,paint,economic,picture,totally,odds,reality,many,policy,proposal,taken,straight,republican,never,seriously,pursued,crafted,deceive,dizzying,orchestra,propaganda,manage,hold,together,sufficiently,guess,worth,pumping,prevagen,neurogen,ritalin,hunter,cocaine,blood,transfusion,two,young,child,could,get,speech,even,though,glimmer,truth,shined
katie,brit,end
company,dont,pay,anything,people,business,wont,pay,tax,without,raising,price,passing,burden,people,end
lie,lielielie,one,another,dude,diarrhea,mouth
asinine,politician,american,history,get
get,ukraine,bull
fjb,hell
sosteal,money,put,u,prison,exercising,basic,human,right,ignore,problem,border,borrow,moneybasically,keep,making,everything,worse,country,doesnt,exist,gee,fantastic
erybody,end,likei,showed,pay,lmao
biden,lower,dirt
thats,another,pack,lie,talking,wife,medicine,gone,deduction,gone,dont,let,flimflam,man,clown,he,nothing,telling,one,lie,another
blasphemer,close,mouth
make,voice,heard,trump,2024,didnt,say,thing,politicized,political,opponent
shame,open,border,tell,u,need,something,didnt,say,anything,migrant,sanctuary,city,democrat,wanted,bad
speaker,tried,laugh,entire,time
he,really,talking,good,game,really,bad,reality,lol
ate,conspiracy,theory,lover,gqp,lost
keep,saying,democracy,moron,believe
13654,oscar,go,lol
sorry,trump,2024,duh
first,woman,vice,president,woman
kind,thought,superstar,coming,mean,insurance,awesome,reassuring,totally,groundbreaking,thank,jesus,dont,worry
looking,forward,joe,defending,hate,anger,revenge,accusation,debatesuk4trump24
lindsey,graham,got,fatter,3,yr,wear,green
id,never,waste,time,watching,minute,circus,show,bsall,bsand,old,man,talking,doesnt,deserve,half,quality,life
vote,biden,vote,end,wake
said,win,confli,china,cant,motor,skill,say,conflict
wonder,clapping,ludicrous,bunch,clown
economy,wont,last,4,who,paying,joes,gift,illegal,vote,illegal,policy,wont,listen,u
angry,man,compensating,lack,inward,confidence
would,need,cut,credit,card,late,fee,3200,800,economy,booming,citizen,better,president,sayin
almost,see,going,kamalas,head,joe,get,reelected,mean,first,woman,president
maga,doesnt,clue,america,much,better,rest,world,2020,bidens,policy,benefit,rural,american,gop,donor,couldnt,care,le,gop,2,thing,tax,break,1,hatredred,meat,uneducated,uninformed,middle,low,income
exactly,bogus,speech,biden,gave,last,year,literally,feel,like,rerun,last,year,state,union,speech
joe,biden,spit,say,need,money
wow,love,way,lie,clap,wake
created,job,joes,never,created,job,life,job,ever,created,congress,think,angry,equates,right,angrier,get,illustrates,empty,head,amount,overcompensation,lack,true,intellect
state,union,like,state,biden,campaign,aka,state,onion,peel,back,layer,see,corruption,hiding,within,like,rot,democracy,mr,b,actually,stand
joe,want,pervert,teaching,elementary,school
act,talk,like,looser,working,chinese,american,look,face
seem,keeping,biden,contained,wont,get,lost,could,see,people,around,keeping,getting,away
puppet,thats,wake,lie
biggest,looser,nonsense,layer,extremely,layered,screen,american,joe,biden,extremely,shameful,nonsense,non,confidence,falling,every,minute,people,clapping,chanting,paid,real,american,citizen
speech,gave,defend,israel,war,crime
speak,hawaii
place,look,like,old,folk,home,bingo,start
watching,world,greatest,b,show,man,hardly,hold,head,walking,flatter,understands,whats,going,best,scream,clap,4,year,joke,thank,gd,recorded,many,generation,come,sad,laugh,lowlife,idiot
jan,6,insurrection,one,charge,brought,effect,conviction,insurrection
didnt,address,marine,remark
biden,probably,slept,weekand,got,best,drug,prepare,gon,na,crash,hard
never,vote,democrat,glad,left,party,independent,biden,racist,authoritarian
bobert,look,nice,shes,beauty
please,god,get,rid,man
seems,like,bar,set,pretty,low,success,mean,hey,didnt,mention,recently,conversing,dead,people,im,sure,fact,made,sense,lack,imagination
lie
biden,many,baby,blown
threw,2,time,watching,lie
twilight,zone,talk,border,issue,border,presenting,wait,minute,open,said,rich,people,pay,tax,son,doesnt,even,pay,tax,dont,believe,anything,saying,lie,ask,mike,johnson,face,say,cant,even,bring,act,like,agrees,everything,saying,keeping,real
clapping,seal
given,cocktail,b12,something
couldnt,help,roll,eye
biden,tell,lie,straight,face,beyond,somehow,convinced,he,telling,truth,wouldnt,know,truth,fell,hope,democrat,defeated,matter,cost,worse,putin,shee,kim,un,frickin,iatolla,stopped
nothing,lie,top,lie,sickening
poor,fella,like,kid,candy,store,doesnt,know,way,go,he,past,bed,time
feel,bad,usa,people,sad,hear,man,kennedy,raegan,great,men,u,failed,world,doesnt,see,yall,like
remember,dont,vote,aint,black
lady,gentleman,present,u,guy,who,defending,standing,war,criminal,genocide
cant,watch,anymore,lie,say,nothing,laken,murdered,athens,criminal,illegal,alien,nothing
watching,sotu,became,clear,biden,speech,hollow,divisive,misleading,say,least,usual,palming,hisadministration,failure,bad,policy,make,america,unsafe,le,prosperous,blamed,others
lied,social,secuity,remark
white,represents,righteousness,purity,light,truth,dems,dressed,black
public,school,teacher,fired
say,sharpest,decline,murder,live,america,man
nailed
america,stop,border,crossing,say,name,laken,riley
make,sad
absolutely,powerful,speech,biden,even,maga,father,acknowledged,great,speech,gaffe,stutter,biden,2024
suck,cant,listen,b
going,get,far,debate,go
wowall,parasite,love
mtg,maga,hat,lol,love
gop,response,toothpaster,advert
dont,need,border,patrol,close,border
believe,said,lankin,absolutely,unbelievable
incoherent,pack,lie,told,lawless,man,claiming,president,truly,disgraceful,didnt,republican,walk,soon,started,talking,asked,say,im,listen,rally,speech,given,lying,idiot
theyre,clapping,he,almost
sickening,lie,lie,year
bidens,saying,law,already,place,didnt,smh
born,world,war,2,try,world,war,3
adderall,wear
old,liar
live
understand,people,voted,old,man,disappointed
marjorie,best
much,paying,clown,clap
show
mental,health,gun,mental,health,person,using,gun
sorry,im,stupid,isnt,joe,biden,cant,read,teleprompter,much,le,naw
dont,mention,single,thing,benefit,country,unreal
booooooo,fjb,lie,lie,lie,actually,think,dose,good,need,help
well,wasnt,encouraged,biden,prior,speech,watching,entirety,yeah,way,im,voting,old,man,windbag,sorry,chance
smart,id,go,home,aint,wrong
though,supposed,state,union,addressi,tried,quit,watching,joke
irish,fire,huh
biden,bought,paid,country,highest,bid,sell,chief
catholic,vote,guy,believe,abortion,biden,need,excommunicated,catholicism,catholic
afred,e,newman,made,appearance
capitol,police,arrest,charge,gold,star,dad,whose,son,died,bidens,afghan,withdrawal,unfortunately,he,illegal,alien,likely,prosecuted
bunch,kissasses
terrible,biden,opened,border,close,dont,want,ukraine,much,care,u,people,he,pushing,sht,thats,working,biden,go,vote,trump,2024
news,station,turned,comment,guess,couldnt,take,heat
speaker,house,disagrees,inflation,remark
find,way,give,another,country
one,thing,evident,tonight,biden,diminished,capacity,talking,slurred,word,cue,blamed,trump,republican,everything,even,mi,pronounced,laken,riley,called,lincoln,need,go
joe,joe,joe,joe,go,blow,trump,trump,trump,get,u,bidens,war,time,slump
demondcratic,asshole,kissing,fake,president,totally,discus,raised,demoncrat,find,taught,lie,totally,lost,faith,government
hahaha,good,actor,end,could,hear,going,online
waiti,think,arizona,vote,recount,found,somethinglolnopeawe,mankeep,dreamin,tho
state,useless,speech
greatest,comback,story,isnt,told,soon,told
happier,american,country,invaded,paying,7million,palestine,get,aid,paying,gov,pension,ukrainian,one,country,pay
devil,shame,much,devil,fox,son,lying
nothing,division,president,state,union,campaign,speech
safest,weve,man,couldnt,even,pronounce,laken,riley,danger,ever,youre,liar,worst,president,ever
nancy,mouthed,four,year,knowing,camera,could,find
dont,want,conflict,china,cause,wont,get,biden,check
democrat,getting,boycotted
rallied,promise,democratic,point,view,year,really,campaign,speech,valid,truthful,state,union
idk,make,thru,owe,country
wheres,free,food,american
roe,v,wade,state,vote,state,level,make,sound,like,choice
4,year,america,finished,im,scared,child,grandchild
meanwhile,orange,conman,met,one,world,worst,scumbags,whoever,cant,see,contrast,surely,blind
oh,come,mr,speaker,tear,speech
congratulation,speaker,mike,johnson,giving,serious,face,little,clapping,king,brandons,lie,unlike,disgrace,kevin,mccarthy,last,year
goof,look,like,fentanyl,work,stay,awake,lol
fjb,u,go,hell
dont,see,hom,reading,teleprompter,much,improvising
night,thousand,lie
man,mentally,challenged,big,act,cant,held,accountable,put,big,act,feeble,minded,truth,want,4,year,steal
weve,always,clean,safe,water,drink,nothing,biden,he,approximately,60,year,late
every,one,yall,clapping,answer,god,almighty
sheer,torture,listening,speech,decided,listen,would,know,people,talking,afterwards,listened,cant,imagine,find,talk
much,get,payed,howl,act,like,wanted
idiot,chant,4,year,love,wallow,dodo,get,rich,footing,bill,nation,go,decline
much,fair,share,tax,hunter,pay,50,million,china
political,rally,state,union,address,needed,give,fact,tell,going
may,sick,stomach,yelling,4more,year,he,lucky,he,got,two,week
lying,uvalde,hoax
putin,would,afraid,president,trump,would,attacked,ukraine,joe,got,go,pissing,republican,14652
gosh,sickening,lie,im,glad,god,almighty,throne,truth,coming,jan
biden,swollen,lip,time,he,lying
agree,100,first,sentence,said,4615,seems,clearly,smart
bunch,malarkey,everyone,watch,mike,face,biden,spewed,lie
cant
wake,america,plainly,see,face,make,congress,want,making,law,running,government,remember,real,people,created,nation,idiot,like,people,standing,forefather,shoulder,peeing,bad,trust,raining,wake,put,stop,loosing,control,great,nation
time,separation,national,divorce
one,destroyed,border
im,watch,triggered,trumpanzees
joking
tf
close,border
14800,please,think,djt,properganda,crap,made,ivanka,got,factory
81,year,beat,91,indictment,every,day,thank,president,biden,life,long,service,great,nation
yeah,biden,put,fence,around,capital,wont,secure,border,important
democrat,used,vote,thought,better,party,trump,could,never,ever,vote,republican,watching,made,sick,lie,lie,lie,rich,people,representing,people,idea,struggle,low,middle,class,facing,right,may,job,created,crap,job,people,working,2,3,job,stay,barely,hanging,inflation,39,lie,really,think,u,american,believe,joe,run,due,age,let,someone,step,take,problem,unable,solve,u,state,union,strong,really,joe,living,twilight,zone,want,slap,smile,kamalas,face,thinking,good,old,joe,kick,bucket,president,making,sick,turning
miracle,fel,asleep
one,lie,another,lie,keep,office,u
go,m,greene
inflation,highest,40,year,blame,everyone,else,besides,policy,talk,snackflation,kind,president
absolutely,disgusting,heard,angry,old,man,speech,lie,entitlement,disrespect,contempt,empty,promise,division,nothing,fix,border,broke,nothing,fix,price,gouging,administration,caused,inflation,nothing,actually,help,american,citizen,want,4,year,corrupt,administration,survive
beautiful,thing,u,american,see,right,horrible,speech,give,hope
biden,ready,fix,border,3,year
democracy,area,republic
believe,people,clapping,buffoon,f,nation,doesnt,even,know,talking
joe,kicked,maga,border,b,outta,park,nailed,touch
whats,giving,lesson,history
yelling,much,felt,like,reprimanded,leaving,bike,driveway
b,came,mouth,clown,joke,america
response,full,lie,shame,putin,pupet,fox
10511,real,joe,biden
katie,got,cross,pendant,polished,get,evangelicsls,hardsince,faux,news,fanbois,already,leghumpin,bottle,blond
biden,lying,lyin,joe,vote,trump
im,looking,forward,croak
fig,lincoln,fig,fdr,fig,biden,worst,president,history,war,mongering,best,stupid,fool,think
god,good,see,man,put,together,good,focused,speech,watching,trump,mumbling,bumbling,stumbling,stock,speech,forgetting,mispronouncing,word,trying,pretend,didnt,one,thing,perfectly,clear,tonight,biden,running,make,country,better,trump,running,stay,jail
hot,air,balloon
disgrace,joe,biden
joke,care,ukraine,could,care,le,u,never,tell,truth,nothing,offer,except,anger,hate,towards,anyone,doesnt,agree,delusion,disgust
say,beat,winner
well,done,stark,difference,biden,trump,full,display,tonight
always,yelling,calm,grandpa,state,union,held,toothpick,joe,big,pharma,nice,try,though
cut,b,let,u,hear,say,self,many,time,trps,fault,noise,stupid,people
filling,pocket
hell,everybody,f,happy
fake,cant,believe,im,watching,anything,say,happy,even,listen,say,lol,beginning,wen,wen,forget,script,like,dum,people,listen,say,nothing,said
need,cut,bidens,pay,youd,cut,pay,official,half,would,cover,national,debt,trump,never,took,salary,office
god,look,halfdead,hardly,wait,hear,lie,horsesht,let,see,stupid,think
kept,trump,border,policy,invasion,country,happen
many,lie
wont,see,biden,going,post,high,crash,drug,pumped,wear
notice,bleached,blonde,bimbo
well,criminal,one,room,least,know
biden,yell,stern,anger,time,painful
thought,response,sounded,phony,since,half,issue,brought,trump
wish,started,chanting,trump
pitiful,biden,move,administration,ukraine,he,worried,wellbeing,needy,united,state
ironic,biden,talk,democracy,freedom,want,total,governmental,control,2nd,amendment,raid,political,opponent,reinstate,unconstitutional,law,like,roe,v,wade,threatened,u,supreme,court,absolutely,sickening,people,still,support,monster
thats,real,biden,thats,ai,robot,biden,way,go,dopey,sleepy
joe,biden,full,crap
piece,work
fani,willis,boyfriend,wade
vote,2024,trump,better,trump,administration,everything,would,better,future,trump,put,american,first,let,make,america,great
imagine,four,year,crap,kackeling,kamala,office,god,help,usnovcant,come,fast,enough
lady,talking,end,absolute,psychopath,ive,never,lived,south,maybe,thats,normal,behavior
weird,creepy,whats,wrong,like,everyone,daze
lie,lie,look,confused,wont,waste,vote,man
god,help,u
cant
hows,censorship,police
people,want,head,american
biden,dont,decide,israel,two,state,hell,make,decision,behalf,israel,god,bless,israel,mighty,name,jesus,christ,amen,amen,safrica,amen
said,nothing,significant
mention,asean,relation,china
thought,watching,rich,little,stand
nailed,maga,baby,knew
biden,make,china,great,agian
thats,right,want,build,enemy,four,five,million,dollar,peer,man,american,last,major,priority,thank,much
enough,negative,adjective,word,express,lament,schill,office,president,nation,complete,travesty,beyond,comprehensionhistory,watching,judge,accordingly
wow,talk,touch,reality
look,lizard,people
aint,way,hell,im,watching,ill,catch,highlight,tomorrow
people,hold,january,6,coup,plotter,unamericans,accountable
definitely,four,year
new,element,speech
joe,want,get,3,4,year,old,kid,dems,government,plantation,forever
promise,promise,promise,lying,lot,thing,act,like,he,care,american
many,time,say,predecessor,sheesh,typical,democrat,blame,others,shortcoming
majority,fool,old
speaker,sit,say,nothing,shame
legend,mind
demorats,jumping,clapping,hand,biden,show,mentality,demorats,represent,american,citizen,god,help
released,sanction,russia,could,make,billion,fund,war,nato,provoked
got,start,buying,vote
party,reagan,total,silence,u,president,stand,strong,russia,wow
mike,tyson,ya,need
would,literally,vote,anyone,else
wow,president,biden,knocked,park
campaign,speech
speaker,johnson,facial,expression,say,imagine,clenched,fist,behind,table
joe,stop,lie,american,people
meanwhile,republican,giving,careless,whisper,sotu
far,state,union
yeah,80,million,china,dont,problem,paying,stuff,son
destroying,country,selling,highest,bidder,clapping
case,yall,cant,see,dislike,currently,12k
im,democrat,id,rather,vote,trump,biden
fool,shouting,four,year
whoever,prepared,speech,disgrace
hoping,hear,potus,deliver,state,union,address,unfortunately,gi,joe,turned,campaign,pep,rally,mr,speaker,know
biggest,lie,fest,ever,watched,next,willis,wade
5534,ashujunafirlem,achfr
guy,stink
biden,minion,truly,sicken
city,got,shut,train,wreck,still,dire,strait
maga,people,quickly,forget,guy,adjudicated,rapist,insurrectionist,half,billion,penalty,fine,4,indictment,91,felony,charge,guy,really
president,care,american,people
biden,drink,speak,clearly
disgracelord,forgive,joe,doesnt,know,he
checked,number,administration,breaking,pocket,period,lie,lie,paying,people,coming,boarder,wake,people,u,think,money,coming,trouble,even,getting,tax,worked,period
meely,mouth,mitch
biden,live,present,past,goodness,sake,god,help,current,president,embarrassment,country,safrica
trump,trouble,vote,blue
imagine,old,joes,nose,grew,every,time,told,lie,imagine
yeah,theyre,running,trump,bunch,people,business,new,york,theyre,democrat
literally,never,seen,administration,lie,consistently,one,embarrassment,country,nation,watched,tonight,best,believe,see,weakness,starting,top,sad,trump,beat,biden,upcoming,election,dont,forget,vote,god,bless,country
ive,heard,many,lie,hard,watch,make,skin,crawl,creepy,joekeep,away,smelling,little,girl,hair
sanity,australia,president,biden,real,measurable,achievement,promise,know,keep
whisper,u,joe
joe,really,constitution
business,continuing,close,file,bankruptcy,food,sky,high,home,expensive,biden,liar,destroyed,border,economy
respect,first,lady,waking,every,morning,brave
johnson,making,obvious,gop,care
youre,sickening
many,abraham,lincoln
god,mercy,one,vote,biden,nov,5th
raised,debt,lying
safe,speech,one,idea,said
drug,wearing,he,getting,spacy
way,could,even,begin,stomach,listening,bulhit,president,socalled,wan,na,leader,might,vomit,floor,doesnt,matter,whatever,say,stupidity,ignorance
lie,whining,republican,must,thinking,hell,happening
state,union,campaign,speech,sure,sound,like,latter,threaten,supreme,court,justice,sounded,like
happened,planet,got,definitely,america,earth
creep,never,held,job,besides,politics,clue,working,american,every,day,keep,water,survive,want,4more,yearsgod,help,u,would,finished,sure,cant,wait,nov
tax,dollar,paying,pulling,money,butt
people,social,security,tax,social,security
scary,he,mind
direct,quote,tonight,speech,amb,umber,planb
like,he,telling,chuck,norris,joke
dont,understand,talking,ukraine,charity,begin,home,youre,supposed,serve,interest,american,people,secure,border,america,first
know,cocain,white,housepretty,sure,white,house,tonight
im,elkhart,indiana,move,cause,inflation,took,away,alot,job,lie
magat,tear,flooded,thread,gop,get,ai,robot,green,dress,response,cringy
lie,lie,administration,done,nothing,talk
abut,afghanistan,withdraw,getting,soldier,killed,leaving,billion,dollar,equipment,border,mess,crime,going,new,gang,appearing
world,rolled,around,laughing,old,decrepit,man
mention,trump,policy,take,credit,trash,trump
good,energetic,speaking
called,president,care,ukraine,keep,border,doesnt,want,u,border,evil,man,charge,country,dont,think,could,meet,person,without,screaming
wasnt,state,union,address,campaign,speech,full,hate,vitriol,lie
absolutely,briliant,speech,right,block,bow,putin,unlike,trump,mike,johnson,sat,seat,squirmed,counted,fingernail,listen,president,bidens,speech,tell,alzheimers,listen,trump,know,mental,decline,sure,hell,aint,biden
screaming,doesnt,work,joe,lier,lier,biden,fire
response,least,wasnt,completely,scripted
usgovernment,europe,preparing,new,war,another,warspeach,front,crazy,crowd,trump,need,take,stop,regard,germany
man,joke,lie,every,time,speaks
history,made,tonight,record,breaking,liar
u,send,congress,huh,joe,ur,running,president
republican,chanted,year
mrpresident,time,go,bed,nowgood,night
end,scourge,woman,america,mean,finally,know,woman
dont,realize,battery,dont,last,forever,disposed,going,put,wont,get,environment
even,mr,biden,good,speech,know,sure,valuable,ukraine,vladimir,putin,final,end,fully,committed,taking,full,control,back,nato,u,american,people,committed,war,inflation,could,last,15,year,might,take,force,russian,people,turn
ai,translate,speech,english
effing,hate,man,give,wife,folded,flag,already,let,move
support,joe,biden,destructionsatan,hold,please,get,knee,repent
50,year,corruption
late,taught,time,everything,clearly,doesnt,care,u
wow,united,state,sad,man,joe,biden,destroyed,everything,3,year
pelosi,schumacher,look,like,going,pee,pant
felon,trump,prison,still,court,bleach,man
agree,phony
third,world,politics,finally,established,country,communist,propaganda,lie,become,main,topic,sotu
crowd,chanting,4,year,crazy
sadelderly,abuse,really,embarrassed,americanthe,whole,world,laughing,watching,circus
joke,fck,joe,biden,trump,2024
thought,snl,sketch,cant,believe,real,republican,response,literally,border,bill,sitting,waiting,passed,guy,nut,weird
remember,people,could,stand,george,w,way,pronounced,nuclear,one,word
mtg,represents,constituent,voice,character,voter,think,ill,stay,part,georgia,dangerous,south,side,chicago
nothing,state,b,people,address
year
speech,like,last,time,using,black,people,shield,wow,joe,biden,deep,crook
fjb,fjb,fjb,fjb,infinity,beyond
biden,said,going,make,wealthy,pay,fair,share,thats,laugh,one,wrote,tax,code,30,working,class,8,wealthy,also,took,retirement,fund,turned,retirement,tax,could,use,slush,fund,say,make,wealthy,pay,look,working,class,tax,going
million,still,believe,america,ruled,completely,big,pharma,prison,industrial,military,complex,left,right
everyone,ordered,gold,trump,sneaker,legal,bill,arent,going,pay
agreed,working,2030,agenda
lol,didntvwatch,video,lol,blind,joe,blind
every,single,word,flat
wonder,much,meth,gave,joe,biden
republican,maga,cult,upset,biden,good,speech,tonight,comment,section,full,salty,people,others,still,denial
hey,joe,model,catholic,clear,pathway,heaven
biden,great,president,must,president,2024,dont,need,insane,runner,let,support,biden
thats,right,fight,people,civil,war,put,america,first,imagine
republican,democrat,talking,one,another,go,side,chit,chat,please
hope,january,6,insurrectionist,able,watch,bidens,speech,prison,cell
say,american,democracy,prevails,like,event,another,nation,lol,american,stormed,capital,say,trump,didnt,care,pandemic,believe,got,vaccine,pretty,darn,quick,say,trump,told,putin,want,lol,yeah,right,thats,putin,didnt,anything,office,fragile,biden,come,invades,ukraine,joe,border,flooded,ppl,drug,price,roof,leave,noone,behind,withdrew,iraqafghanistan,lie,b,lie,b,amazing,many,sheep,believe,moron,yeah,job,america,part,come,america,could,go,forever,funny,news,channel,shut,comment,wonder
bad,actor,getting,paid,clapping,fake,smile,ill,give,credit,making,number,lol,dont,quote,himhypocrisy,real,left,side
campaign,speech
excellent,speech,talking,thing,really,matter,time,economic,reform,ordinary,working,people,get,fair,share,security,border,without,eliminating,immigrant,deserve,arrive,need,international,cooperation,resolve,global,crisis,rational,approach,dealing,climate,change,reality,people,north,texas,must,realize,let,hear,reputation,based,reality,instead,ridiculous,name,calling
jacked,didnt,talk,people,going,idiot,talk,stupid,democrat,problem,oriented,wow,god,help,country,people,must,come,together,take,wh,people,wake,stupid
trump,said,biden,going,get,u,world,war,ii,terrifying
kind,drug,give,get,speech,probably,drug,he,letting,come,border
shame,u
rfk,jr,2024
fake,news,channel,turned,comment,remember,gropy,joe,ran,last,time,youtube,took,counter,thumb,dawn,didnt,allow,comment
enemy,inside,outside,open,boarder,smiling,ringing,hand
organization,plus,organization,state,union,address,ever,heard,president,deliver,president,dont,need,cognitive,test,cause,man,point,oh,god,say,go,go,go,commander,president,joe,biden,people,votepeople,vote,many,others,behind,commander,joe,biden,even,many,republican,friend,voting,commander,president,joe,biden,right,along,u,bidenharris,2024,vote,katie,britt,trumpitize,full,juice,speech,fake,fake,fake,fake,sitting,kitchen,like,rich,princess,dont,know,anything,poor,girl,please,bad,donald,face,trump,commander,president,joe,biden,laid,trump,need,move,russia,vice,president,puden,dont,need,donald,face,trump,commander,president,joe,biden,vote,like,commander,president,joe,biden,commander,president,joe,biden,president,joe,biden,put,maga,people,display,tonight,maga,people,yall
trump,brain,turning,mush,every,penny,send,go,paying,selfproclaimed,billionaire,legal,bill
thanking
thatwas,utterly,embarrassing
sleepy,joe,let,country
border,become,problem,upcoming,ellection,sudden,secure
bidens,speech,exhibitionistic,like,circus,katie,britt,real,airhead
id,actually,love,country,go,back,back,morality,virtue,godliness,etc
history,watching,destroying,value,usa
talked,billion,company,1,trillion,ever,3,month,problem
cantankerous,old,man,doubt,hyper,caffeinated,evening,mention,hyper,partisan,speech,far,genuine,state,union,address
great,speech,biden,win
laken,riley,democrat,hate,republicnas,trying,use,political,pawn,lmao
trump,agree
room,full,stupid,people,paid,actor,take,really,stupid,person,believe,anything,coming,mouth
well,done,biden,knocked,park
let,go,brandon
liar,going,lose
swear,complete,shitshow,lie,propaganda,ukraine,people,sham
mike,johnson,facial,expression,pure,gold
really,started,jan,6th,say,must,speak,truth,pathetic,cant,thanks,foxnews,take,anymore
biden,need,body,double,different,speech,writer
life,time,practice,life,time,liesyou,know,mean,big,guy,haha
pres,trump,must,sue,biden,6,january,insurrection,blaming,djt,safrica
whats,pelosi,ugh
ill,tax,ill,tax,tax,tax,keep,poverty,let,go,joe,burden
whats,witch,white
vote,regimebefore,late
would,like,see,random,drug,test,brandon,fjb
cant,love,country,win,ok,disrespect,supreme,court,dont
traitor,johnson,continuing,war,ucraine
enemy,state,support,trump
dynamite,speech,thank,president,biden,taking,care,citizen,u,capped,drug,price,cap,bank,overdraft,fee,8,internet,service,heading,ruralurban,america,repairing,old,bridge,road,raising,tax,bracket,eat,pay,raise,strong,economy,per,realfactual,data,long,list,go
white,house,become,assisted,living,facility
think,worst,state,union,ever,watched
cant,love,country,win,tell,hillary,clinton
maga,trump,trump,trump,trump
state,union,address,clown
cant,finish,gaslighting,session,nonstop,lie,ukraine,support,happened,american,citizen
puppet,clap,lie,cackler,kamala,stand,everythingyep,pull,string
fdt
man,told,many,lie,speech,wouldnt,know,truth
look,idiot,clapping,satan,puppet
address,real,problem,usa,u,joe,change
cant,watch,probably,giant,train,wreck
omg,biden,give,headache,listening
people,r,virus,planet,go,firmly,believe,population,control,many,idiotsim,black,anymore,either,identify,caucasian,binary,triangular,squirrel,respect,gangster,im,telling,santa,claus,kid,r,fake,yearvote,trump,2024,long,live,illuminati,someone,gon,na,butthurt,thiswelcome,social,experiment
like,exercise,yard,san,quinton,full,criminal
katie,speech,made,ahead,time,sound,like,talking,trump,way
incredible,speech,poor,rump,wonder,still,want,debate,better,start,practicing
mean,old,man
dream,biden,show,mentality,demorat,party,pray,peace,putin,life,bidens,head,dear,god,biden,crazy,want,war,safrica
disgrace,nation
talking,lie,without,citing,one,thing,said,brainwashed
couldnt,stand,watching,first,10,minute,tell,biden,say,anything,securing,border,one,important,thing,potus,ensure,national,security,going,guess,know,authority,invoke,defense,production,act,without,needing,congress,agree,ammunition,supply,artillery,shell,military,equipment,production,could,increased,supplied,ukraine,also,going,say,explain,continues,forgive,student,loan,debt,transfer,debt,taxpayer,even,though,supreme,court,told,authority,going,say,didnt
funny,republican,would,probably,get,along,well,biden,he,old,white,government,decade,selfadmitted,capitalist,want,manufacturing,job,go,back,america,clearly,love,country,evidenced,much,proudly,proclaimed,today
oatmeal,brain
idiot,clapping,including,haris
news,supporting,pres,comment,guy,lied,everything,four,year,office,ruined,everything,fighting,texas,secure,boarder,acting,like,protecting
inflation,gone,mar
every,time,see,biden,hear,circus,music,exaggerating
horrible,state,union,address,even,worse,response,one,cringiest,night,american,history
see,troll,censor,active
bidenlie,way,remove,biden,old,president,look,like,mummy
man,senator,36,year,vp,8,yet,blame,everything,trump,done,nothing,country,50,year,nothing,change
cant,tell,whose,walking,stick
mr,speaker,president,united,state,3644,actually,start,4608
100k,job,college,degree
typical,yt,burying,comment
see,bidens,writer,still,using,piece,president,nice,historical
sorry,guy,im,changing,vote,bidenhe,job,isnt,divisive,dishonest,trumpamerica,need,come,together,wont,happen,trump,plus,standing,putin,could,one,biggest,ever,mistake,frankly,president,mine,support,ally,murdering,thug,like,china,iran,anything,damage,america
worst,president,ever,cabinet,ashamed,destroying,country
guy,quick,forgive,china,putin,kind,interesting,considering,china,killed,million,people,across,globe
god,far,removed,people
man,old,seriously,would,respond,well,moment,pressure,11535
great,speech,true,leader,know,get,thing,done,winning
fox,field,day,speech,massive,thank,marjorie,taylor,green,involved,honouring,laken,riley
joe,ear,piece
cant,even,get,name,girl,murdered,correct,everyone,say,still,vote,pathetic,excuse,american,citizen
worst,president,u,history,giving,last,state,union,address,thank,god,trump
much,decorum,marjorie,taylor,greene,insult,even,republican,point,mike,johnson,must,pleased,part,party,good,christian,right,despicable,human,hope,trump,chooses,running,mate,would,appropriate
must,honest,demorats,chanting,4,yearsfor,biden,mental,state,must,question,unbelievable,think,demorats,make,decision,behalf,america,citizen,god,help,pray,god,bless,pres,trump,maga,patriot,god,bless,israel,mighty,name,jesus,christ,amen,amen,safrica,amen
convinced,subtext,energy,performance,method,actor,tone,angry,bitter,accusatory,libs,terrified,trump
action,speak,louder,word,always,lie,promise,without,delivering,look,around,youll,know,democratic,party,really,want,mass,illegal,immigration,take,job,sew,chaos,u,welcome,policesurveillance,state,open,arm,safe,thousand,criminal,he,rolled,red,carpet,care,nothing,american
biden,get,kick,back,ukraine,many,democrat
guy,legend,13,age,usa
applauding
irf,million,people,around,world,desdly,drug,make,easily,thr,border,time,ban,assault,weapon,black,market,gang,imagine,rhe,outcome
time,diaper,change,ice,cream,cone,promised
im,20,minute,asking,tf,voted,idiot,wo,ever,voted,fn,idiot,ashamed
everyone,hate,crook,yet,office,wow,there,good,one
obama,never,underestimate,joes,ability,fck,thing
like,cnn,disabled,comment
mouth,didnt,match,actually,talking,correctly,appears,biden,ai,generated,ability,speak,know,messed,time,hand,also,flat,talked,time,sign,ai,generated,graphic,call,whole,thing,totally,faked
drug,give,make,angry,coherent
he,piece,crap
biden,spent,majority,time,yelling,top,voice,admonishing,others,attempt,distract,true,state,american,union,since,took,speech,absolutely,substance,president,barely,alive,stage,surely,u,better,embarrassment
complete,waste,time,tax,payer,money
couldve,concluded,one,word,asufutimaehaehfutbw,didnt
bring,jan,6,america,darkest,day,idiot
didnt,say,name,called,lincoln,laken
angry,old,wannabe,tyrant,gaslighting,shouting,everyone,he,jerk
biden,target,sincere,nothing,like,predecessor,additionally,britt,repub,rebuttal,pure,theatrics,bored,10,minute
careswhy,covering
prop
seen,tonight,biden,telling,u,bunch,lie,done,much,country,well,distroyed,made,u,laughing,stock,world
one,bidens,best,speecheshes,winning,reelection,sure,cant,love,country,winremember,republican
hunter,absence,first,highlight,night,hatred,filled,room,emanated,pitiful,politician,usa,stepped,accommodation
really,make,wonder,like,end,game,people,going,go
disgusting,lying,piece,crap,belongs,institution,white,house,worst,president,history
gtb,instead,gdp,14606,country,fed
cartel,biden,national,disgrace,global,embarrassment,fact
wasnt,state,union,state,confusion
proud,president,powerful,speechi,hope,see,change,promotes,elected
want,republic,democracy
table,talk,isnt,gon,na,cut,youd,better,showing,proof,lie,one,one,fact,show,number,v,trump,far,border,crossing,know,weve,seen,guess,hasnt,appeal,family,value,wont,cut,demon,know,enemy,right,obviously,republican,still,dont,get,edit,ugh,empty,chair,technique
crock,lie,deception,whats,harris,always,standing,clapping,staring,camera,like,deer,headlight,pulled,wool,lot,people,head,fellow,american,suffer,touch,subject,criminal,get,whatever,want,banning,something,keep,law,abiding,prey,need,walk,away,give,24
interesting,speech,gop,response,substance
he,threat,country
joe,biden,100,full,bologna
look,theyre,laughing,shaking,hand,joking,around,serious,solemn,business,acting,like,im,profoundly,disgusted,representative,circus,hypocritical,clown
state,gaslighting,cant,believe,used,speech,campaign,speech,ohwait,sleepy,joe,opportunist
cocaine,hell,drug
longer,collectively,put,treasonous,dogshit,longer,happen
hey,kamala,clean,san,francisco,many,homeless,street,make,use
watching,turned,volume,way,hit,speed,button,top,watch,expression,quite,comical,know,past,3,year,told,lie,read,comment
state,union,speech,campaign,speech,speech,writer,horrendous
might,well,communism,futureif,reelected
show,thx,fox,keep,comment,open
much,seems,house,divided
train,wreck
proud,democrat,sad,sad,sad,nothing,say,aging,lie,lie,sin
guy,complete,demon
thinking,going,walk,podium,forget,look,around,like,grampa,simpson,go,one,mailman
state,union,state,confusion
amazing,much,joe,government,care,ukraine,country,problem
dont,know,speaker,house,clapping,need,get,ball,need,get,information,adjudge,get,guy,office,compiled,enough,information,proceed,put,president,joe,biden,place,im,talking,impeachment,impeachment,impeachment,inquiryfire,persecute,put,jail
wrath,god,coming,upon,nationbiden,godless
sorry,laken,died,thousand
old,crony,cluband,pay,guy,rip,u,offwhen,people,pay,wage,going,wake,evil,destroyed,country,sadthe,entire,world,gone,madmay,god,magnificent,son,u,evil,day,come,quickly,lord,jesus
angriest,political,speech,lifetime,could,start,ukraine,well,medicated,rambling,couldnt,get,trump,mind,without,mentioning,name,idea,going,country
state,union,address,prom,celebration,could,tell,difference
inflation,immigration,economy,omg,everything,going,talk,action,get,along
lie,lie,contradiction,contradiction
united,state,dying,empire,rome,empire,came
amphetamin,make,speak,even,old,dement,cheater,liar,mass,murderer
fire,joe,worst
feel,like,late,christmas,eve,kid,wound,hold,together,elder,get,brandy,slush,cackle,reminisce,waiting,tomorrow,morning,wonder,glory,like,christmas,coming,adult,knowing,aghh,work,work,pas,moth,ball,brandy,slush,gon,na,long,wait
criminal,side,deciding,america,fate,disgusting
he,high
thought,divisive,state,union,ever,seen,guy,going,bring,country,together,3,year,ago
either,stand,u,democracy,russia,admit,nothing,enemy,state,used,disagree,right,simple,thing,feel,nothing,puppet,enemy,hope,proved,wrong
joe,biden,distant,america,especially,american,citizen,problem,need,actually,sad,see,low,america,fallen,joe,biden,democrat,woke,politician,administration,government,dont,even,know,america,need,especially,whats,important,american,citizen,like,protection,america,israel
youre,sick,f,putin,far,better,man,president,sir,whoever
came,look,people,forbid,buying,bioshock,country
going,compete,president,joe,biden,wonderful,state,union,like,doansl,trump,aka,crooked,nepotic,grifter,98,charge
israel,right,defend
picked,bernie,time
happy,missed,joke
wow,killed,trump,would,lost,entire,time
look,johnson,face,show,true,state,nation,sad,president,care,everyone,u
goodness,he,one,angry,elf
woow,kamala,actually,real,4,year,guy,would,absolute,disaster
biden,2024,great,speech,mtg,disgrace,republican,trump,doomed,best,part,cut,langford,say,true,would,occurred,border,deal,passed,trump,supporter,delusional,economy,booming,america,rising,trump,antidemocratic,supporter,enablers,defeated,democrat,keep,presidency,expand,control,senate,retake,house,biden,knocked,park,mike,johnson,told,house,republican,act,could,follow,hilariously,sad,see,face,disappointment,embarrassment,biden,baited,act,took,threw,back,dark,brandon,activated,trump,going,lose,2024,convicted,2025,behind,bar,repealing,roe,v,wade,pushing,moderate,away,party,killing,blow,trump,hope,general,election
one,worst,state,union,speech,ever,full,lie,hate
sad,shell,possibly,human,point,time,couldnt,tie,shoe,unless,child,hair,flavored,ice,cream,cone,people,think,run,america,bahaha,war,comming,ready,people,arent,gon,na,stand,much,longer,god,bless,america
29,senate,leader,white,supremest,liked,joe,let,senate,early,back,day,joe,talked,jungle,senate,leader,left,desk,joe,joe,never,marched,mlk,lie
biden,threatened,woman,supreme,court,biden,spoke,something,dangerous
im,62,heard,quite,state,union,address,speech,tonight,heard,literally,one,lie,right,another,despicable,disgraceful,sickening,word,coming,mind
unpatriotic,american,fox,spin,news,furious,president,biden,proved,mind,healthy,18,year,young,man
cant,listen,second,amount,lie,corruption,perpetrated,perpetuated,throughout,country,think,hear,make,rise,100,inside,heart,soul,hate,man,done,treasonous,evil,propaganda,mishandling,free,tax,dollar,looking,watch,salute,repeatedly,every,salute,dead,list,endless,deserves,charged,treason,100,time,everyone,allowed,master,corrupt,well
watched,see,would,make,reason,rhetoric
liar,liar,pig,stand,pig,pig,better,government
safety,boarder,fzjb,administration
choose,fake,drama,queen,rebuttal
nothing,freak,show,sad,thing,sleepy,joe,belief,lie,one,pathetic,president,ever,weak,soggy,wet,backbone,economy,envy,world,snorting
enough,feeding,u,dung,biden,sandwich,want,hear,true,common,sense,real,state,union,speech,search,rebuttal,senator,katie,britt,al
know,biden,puppet,obama,actually,calling,shot
omg,pulled,crap,tried,pull,student,loan,forgiveness,even,nancy,p,said,couldnt,dems,cheered
know,biden,lying,mouth,moving,lol,mentioned,control,border,crisis,yet,fault,lol,clown
tool
id,rather,watch,horribly,funny,extremely,political,woke,snl
ego,stroking,janitor,must,ticked,cleaning,joe,full,harris,sound,like,booger,sugar,starting,get,sinus
sad,best,people,want,see,debate
im,voting,trump,woman,serving,serious,alyssa,milano,sans,arm,angel,background,music
look,swamplings,one,room,4,year,lmao,geez
liartrump,liar
redbull,double,shot,camala
he,clone
back,trump,fan,theyre,gon,na,war,watch
talking,even,reality,im,pretty,sure,real
jb,oh,oh,crapped,pant,democrat,stand,applause,cheer,call,brilliant
waiting,yell,get,lawn,angry,divisive,actually,sad
rough,watch
joe,proven,career,working,america,time,spent,job,rather,pandering,camera
hannity,trying,best,spin,everything,even,though,speaker,mike,johnson,clapping,regarding,putinukraine
amy,couldnt,decide,whether,laugh,cry,look,angry,need,stop,trying,imitate,biden,real,reason,bidens,get,away,everything,somebody,real,need,trump,back,need,genuine,people,office
bumble,ramble,blame,others,lie,gaslight,gatekeeper,gaffe,stumble,twat
cnn,turned,comment,edit,realized,everyone,second,commented,let,people,speak
wonder,much,pay,people,pretend,like,evildoer
hunter,must,contacted,every,dealer,know,get,brandon,hopped
tried,dozen,news,site,joe,biden,motor,mouth,talking,would,like,actually,hear,biden,speaking
history,watching,threat,democracy,must,defended,hmmm
delusional,embarrassing
many,disgusting,people,place
mark,levin,given,rebuttal,pick,apart,jbs,lie,piece,piece
brought,adderall
performance,total,political,correctness,show,absolute,mediocracy
clapping
comedy,show,see,everybody,laughing
gon,na,keep,allowing,windbag,lie,rob,u
joe,grouchy,old,senile,man,many,puppet,string,pulling,ten,different,direction,he,tangled,say,promise,anything,bribe,vote,race,gender,age,group,joe,got,go
biden,wasnt,elected,installed,like,toilet
hunter,dad,speech,dad,sniff,away,goooooooooooooooooo
dont,understand,cheering,support,another,4,year,capable
great,president,world,better,trump,trump,loser,go,biden
biden,greatest,republican,president,lifetime
joke,lie,b
load,crap,trump,2024
biden,work,satan,revel,get,career,politician,camp,dc,decade,become,touch,fjb,britt,right,100
con,cant,run,country,prison,biden,harris,2024
comical,man,wow
look,criminal
wasnt,president,biden,wearing,wedding,ring
like,bunch,wulfs,bunch,criminal
follow,yellow,brick,road
one,worst,state,union,speech,ever,full,lie,hate,405
side,bought,paid,corporate,american,wake,american
lol,first,link,sotu,allows,comment,ive,seen,wonder
crap,need,another,garbage,puke,one,full
seems,superficial,chosen,someone,else,better,rapport,across,board,give,response
he,full,keep,selling,u,brandon
ok,chick,sound,looney,high,af,best,rebuttal,could,get
britt,little,dramatic,speech
biden,consider,running,president,ukraine,since,like,much
anyone,believe,nonsense
demon,entered,many,adrenaline,shot,need,give,time
president,biden,delivered,powerful,inspirational,speech,he,done,much,america,continue,he,honest,truly,kind,human,need,4,year
anybody,check,make,sure,wasnt,masked,lone,ranger
sleepy,mastermind,went,dark,brandon,darth,mango
holy,moly,yelling,full,drug,sad,pathetic,knew,going,lie,everything,record,economy,blaming,repubs,border,disgrace,like
look,asskissers
impressive,state,union,biden,2024
far,best,biden,looked,sounded,made,trump,maga,look,like,idiot,especially,mtg
came,fox,news,channel,hear,lot,comment,probably,mostly,negative,im,surprised,either,way,even,independent,must,admit,pretty,good,speech
doesnt,matter,lying,biden,say,tonight,seen,trash,fire,administration
anyone,else,feel,dumber,listening,sht
id,like,know,drug,tonight,able,get,entire,speech,something,he,unable,yr,granite,speech,bulshit,memorized,lie,going,show,factchecking,claim,statement,tonight
people,need,vote,better,candidate,moment,n,obviously
destruction,united,state,america,state,destruction
man,biggest,liar,earth,bottom,line
madness
anybody,noticed,new,york,judge,tonight,went,donald,trump,judge,remove,judge,charged
least,got,rid,scary,red,black,backdrop
president,biden,consider,running,presidency,ukraine,initial,focus,topic,highlight,approach,governance,prioritizing,foreign,affair,particularly,concerning,ukraine,demonstrates,commitment,leadership,despite,promising,report,economy,economist,benefit,reaching,average,citizen,facing,challenge,maintaining,livelihood,nation,grappling,issue,illegal,immigration,strain,put,resource,imperative,president,biden,address,pressing,american,matter,turning,attention,elsewhere
clown,show
powerful,eloquent,coherent,intelligent,honest,speech,cultured,leader,respect,everyone,without,mocking,anyone,without,excluding,denigrating,minority
comment
im,scared,america,never
